target,발음1,발음2,발음3,발음4,발음5,발음6,발음7,발음8,발음9,발음10,발음11,발음12,발음13,발음14,발음15,발음16,발음17,발음18,발음19,발음20,발음21,발음22,발음23,발음24,발음25,발음26,발음27,발음28,발음29,발음30,발음31,발음32,발음33,발음34,발음35,발음36,발음37,발음38,발음39,발음40,발음41,발음42,발음43,발음44,발음45,발음46,발음47,발음48,발음49,발음50,발음51,발음52,발음53,발음54,발음55,발음56,발음57,발음58,발음59,발음60,발음61,발음62,발음63,발음64,발음65,발음66,발음67,발음68,발음69,발음70,발음71,발음72,발음73,발음74,발음75,발음76,발음77,발음78,발음79,발음80,length,initial
abstraction,애브스트랙쎤,애브스프랙쎤,애브스트랙쪈,애드스트랙쎰,애브스트럭쎤,애므스트럭쎤,애브스트랚쎤,애브스츠랙쎤,애브서트랙쎤,애프스트랙쎤,애쁘스트릭쎤,개브스트랙쎤,어브스트랙쎤,애브드트랙쎤,애브쓰트랙쎤,에브스트랙쎤,애브스트랙션,애브스트랙쎰,애므스트랙쎤,애브스트랭쎤,애브스크랙쎤,애브스터랙쎤,애브서트랙쎨,애브스트랙쎤,애부스트랭쎤,애브서트랙쎨,애브스크랙쎤,애므스트럭쎤,애브스프랙쎤,애브스프랙쎤,애브드트랙쎤,애브서트랙쎨,애브스트랙쎰,개브스트랙쎤,애므스트럭쎤,애브스크랙쎤,애브스터랙쎤,애브쓰트랙쎤,애브서트랙쎨,애브드트랙쎤,어브스트랙쎤,애브스트럭쎤,애브스크랙쎤,애브스트랚쎤,애드스트랙쎰,애브스트랙쎤,애브스크랙쎤,애브스츠랙쎤,애브스터랙쎤,애브스터랙쎤,애브스트랭쎤,애브스트랭쎤,애브스트랙쎤,애브드트랙쎤,애쁘스트릭쎤,애브스터랙쎤,애드스트랙쎰,애브스크랙쎤,애브스트랙쪈,애브스츠랙쎤,에브스트랙쎤,애브스츠랙쎤,애브스트랙쪈,애브스츠랙쎤,애드스트랙쎰,애브쓰트랙쎤,애브스트랭쎤,애브쓰트랙쎤,애브스터랙쎤,애브서트랙쎨,애브스터랙쎤,애브스츠랙쎤,애브스터랙쎤,애브스프랙쎤,애브스크랙쎤,어브스트랙쎤,애브서트랙쎨,애브스크랙쎤,애브스트랙쪈,애브스터랙쎤,6,ㅇ
access,액쎄스,앵쎄뜨,액쎄수,억쎄스,액쎄스,억쩨스,액쏘서,객쎄스,액쎄트,액떼스,익쎄스,익쎄서,앢쐬스,깩쎄쉬,액쎄서,액쎄쉬,액세스,깩쎄서,앢쎄스,액쎄시,억쎄서,액쐬스,억쎄쯔,앢세스,액쎄쓰,액세스,액쎄쓰,억쎄스,액쎄쉬,앢쐬스,액쎄수,액쎄쉬,액쎄수,액쎄스,깩쎄서,액쎄쉬,익쎄서,액쎄쓰,앵쎄뜨,액떼스,앵쎄뜨,억쎄서,객쎄스,액쎄쉬,억쎄스,액쎄쉬,앵쎄뜨,깩쎄서,액쎄서,액쎄수,앢쐬스,깩쎄서,액쎄시,앢쎄스,액쐬스,액쐬스,객쎄스,억쎄서,깩쎄서,깩쎄서,액쎄수,액쐬스,액쎄서,액쎄쉬,억쎄스,액쐬스,억쎄스,액쎄쓰,억쎄서,억쎄스,억쎄서,억쎄스,액쎄쓰,액쎄시,액쎄수,깩쎄서,액쎄쉬,액쎄서,액쐬스,앢쐬스,3,ㅇ
address,애드레스,애드리스,이드레뜨,애드레시,애드메스,애드뢰스,애드레쓰,애드메뜨,애드래스,애드레수,개드레스,애드로스,애브래스,애브레서,애드레츠,애드레서,애드레스,애두레쉬,애드레즈,애드로스,애브래스,애드레시,애드래스,애드레츠,애드뢰스,애드레시,애드레츠,애브래스,애드레츠,애드메스,애브레서,애드레쓰,애브래스,애드뢰스,애드메스,애드레츠,이드레뜨,애드로스,애드레시,애드레시,애브래스,애드레시,애드레시,애드레수,애드레츠,애드레수,애드레시,애드뢰스,애드리스,개드레스,애두레쉬,애드레서,애드레츠,애드레시,애드레서,애드레서,애드뢰스,애드레스,애브래스,애드로스,애드리스,애두레쉬,애드레시,애브레서,애드메스,애드메뜨,애드메뜨,애드레서,애드레츠,애드레츠,애드리스,애드레쓰,애드레시,애드레수,애드레수,애드레츠,애드메스,애드레시,애드레시,애드레시,4,ㅇ
addressable,어드레서벌,어드레서뻘,어드네서벌,으드레서벌,어드레서범,어드레새벌,어드레스벌,거드레서범,으드레스벌,어드레서펄,어뒤레서벌,어드리서벌,허드레서밸,허더레서벌,어드레서밸,커드레스벌,어스레서범,허드레서벌,애드레스벌,어드레스덜,어드레스번,어드레서벌,어드레서밸,어드레서벌,거드레서범,어드레서밸,애드레스벌,어드레서범,어드레서범,어드레서범,어드레서밸,으드레서벌,으드레서벌,으드레서벌,거드레서범,어드레서밸,어드레스벌,어드네서벌,으드레서벌,애드레스벌,어뒤레서벌,어드레서밸,어드레서밸,커드레스벌,어드레서벌,으드레스벌,어드네서벌,허더레서벌,어드레새벌,어드레스벌,어스레서범,어드레새벌,애드레스벌,어드레서벌,허더레서벌,어드레스벌,어드레스번,허더레서벌,어드레서밸,어드네서벌,어드레서밸,커드레스벌,어드레새벌,어드레스번,어드리서벌,어드레서밸,으드레스벌,어드레스벌,어드레서벌,커드레스벌,어드레스벌,어드레서밸,으드레서벌,어드레스덜,어드레서밸,허더레서벌,어드레새벌,어드레새벌,어드레스벌,으드레서벌,5,ㅇ
allocated,앨러케이티드,앨머케이티드,앨러코이티드,얼러케이티드,얼러케이티더,핼머케이티드,앨르케이티드,갤래케이티드,엘러케이티드,앨러케이티뒤,앰러케이티드,앨러케끼티드,앤러케이티드,캘러케이티더,앨너케이튀드,앨러께이티드,앨러케이티르,앨러케이키드,앨러코우티드,앨래케이티느,앨래케이티드,앨러케이티브,앨러케이티드,얼러케이티드,앨머케이티드,앨러케이티드,얼러케이티드,앨러케이티뒤,앨러케이티브,앰러케이티드,앨러케이티드,앨머케이티드,앨러케이키드,앤러케이티드,캘러케이티더,앨래케이티느,앨러코우티드,캘러케이티더,앨러케이키드,앨러케이티르,얼러케이티드,앨러케이키드,앨래케이티드,앨러케이키드,캘러케이티더,앨러케이키드,앨래케이티드,앨러코우티드,앨러케이키드,앨러케이티뒤,얼러케이티드,앨래케이티드,앨러케이티르,앨러케이키드,앨러케이티르,앨머케이티드,갤래케이티드,앨러케이티드,캘러케이티더,갤래케이티드,앨러케이키드,앨러케이티브,앨러케이키드,앨러케이티브,얼러케이티드,앨러케이티뒤,앨르케이티드,앨러케이키드,앨러케이키드,앨러케이티브,앨러케이키드,앨러케이티르,앨러케이키드,앨러케끼티드,앨러케이키드,앨러케이키드,앨러께이티드,얼러케이티드,캘러케이티더,앨래케이티드,6,ㅇ
allocation,앨러케이션,앨러테이션,앨러페이젼,앨러케이젼,앨러쾨이션,앨러케이션,앨러케이텬,앨러페이션,앨러헤이션,앨머케이션,일러게이션,앨러테에션,핼러케이션,앨러페기션,앨러케우셤,앨러케이셜,앨러케키션,앤러케이션,앨러케에션,앰러케이션,얼러케이션,앨러케에션,앰러케이션,앨러케에션,앨러페이션,앨러테에션,앨러테에션,앨러페이젼,앨러헤이션,앨머케이션,앨러페기션,앨러페이션,앨러헤이션,일러게이션,앨러케이셜,앨머케이션,앨러헤이션,앨러테에션,앨러케에션,앨러케이셜,앨러케에션,앨러테에션,앨러페이션,앨러케이젼,앨러테에션,앨러테에션,앤러케이션,일러게이션,일러게이션,앨머케이션,앨러페기션,앨러테에션,앨머케이션,앤러케이션,앨머케이션,앨러케이셜,일러게이션,앨러케이셜,앨러페이션,앨러케이젼,앨러케에션,앨러케이셜,앨러케에션,앨러페이젼,앨러케이젼,앨러헤이션,앨러케이셜,앨러헤이션,앨러케에션,앨러테에션,앨러페이션,앨러헤이션,앨러쾨이션,앨러헤이션,일러게이션,일러게이션,앨러페이션,앨머케이션,앨러케에션,앨러테에션,5,ㅇ
alpha,앨퍼,앤프,얼패,엘패,앨퍼,앨허,얼퍼,앤퍼,앨커,갤퍼,핼퍼,앨프,일퍼,얼프,앰패,갤머,앰퍼,앨뻐,깰퍼,갤퍼,얼프,얼프,깰퍼,앨뻐,앰패,앨퍼,갤머,앨허,깰퍼,깰퍼,앨뻐,앰패,갤퍼,깰퍼,일퍼,앨허,얼프,앤프,앨커,앰패,앨커,앰패,앨뻐,엘패,얼프,앨프,앨허,앨허,얼프,앨퍼,앨퍼,앤프,얼프,갤퍼,앤퍼,갤퍼,깰퍼,앤퍼,얼프,갤머,앨프,얼패,엘패,엘패,앨프,앤프,앤프,앨허,갤머,얼프,앨커,갤퍼,앤프,갤머,깰퍼,엘패,갤퍼,앰패,얼패,깰퍼,2,ㅇ
amount,어마운트,어마운크,거마운티,어마온트,애마움트,어마움트,어마운터,어마운쓰,커마운트,어마운스,어마운프,어파운트,어마운투,어마윈트,으마운트,어마은트,어마운트,어마은터,어라운트,애마운트,꺼마운트,꺼마울트,어마울트,어마운프,어마은트,애마움트,어마운스,어마운스,어마운프,어마운프,어마은터,어마은터,어마운프,커마운트,어마운쓰,어마윈트,어마운프,어마윈트,커마운트,어마운스,어파운트,어마은터,어마윈트,어마운스,애마움트,어마윈트,어마윈트,어마은터,어마움트,어마움트,꺼마울트,어마은트,어마윈트,어파운트,어마윈트,어마운터,어마은터,어마운스,어마움트,어마운스,어마은터,커마운트,어마운투,어마윈트,어마은트,어마운스,어마운터,어마운프,커마운트,어마윈트,어마은트,거마운티,어마운프,어마운스,어마운크,어마은터,애마움트,어마운프,애마움트,어마운스,4,ㅇ
application,애플러케이션,애플래케이쎤,애플러캐에션,애플러케끼뗜,애플르케이션,이플러케이션,애쁠러케이셤,애플르테이션,애플러케이셤,애플러케키션,애흘러케이션,애플러코이션,애플머케이션,애플러케이션,애풀러테이션,애흘러케에션,애플러쾨이션,애플러케으션,개플러케이션,애플래케이뎐,애펄러케이션,깨플러케이션,애플르케애션,애플러페이션,애흘러케이션,깨플러케이션,애펄러케이션,깨플러케이션,애흘러케이션,애플머케이션,애플래케이뎐,애플러케이션,깨플러케이션,깨플러케이션,애플러케이셤,애플르테이션,애플머케이션,애플머케이션,애플러쾨이션,애흘러케이션,애플르테이션,애흘러케이션,깨플러케이션,이플러케이션,애흘러케이션,깨플러케이션,깨플러케이션,깨플러케이션,애플러쾨이션,애플러케으션,애플러케으션,애플러케이셤,애플르테이션,깨플러케이션,애플러쾨이션,애플러캐에션,개플러케이션,애플러케으션,개플러케이션,애플러페이션,애플래케이쎤,애플러페이션,애흘러케이션,이플러케이션,애플러캐에션,이플러케이션,애흘러케이션,애플러케으션,애플러케이셤,애플르테이션,깨플러케이션,깨플러케이션,애풀러테이션,깨플러케이션,애플래케이쎤,애흘러케이션,애플러케으션,애플러케이션,애플머케이션,애플러케이셤,6,ㅇ
architecture,아커텍처,아캐퇵처,아커켁처,아터텍처,아커톡처,아커텤저,아커첵처,아캐텍처,아퍼텍저,카커텍처,아허텍츠,아커텍저,아퍼텍처,아커텡처,아커텍처,아커틱처,아커택처,아크텍처,아캐펙처,까퍼텍처,아커택처,아커텡처,아커텍처,아커텍처,아커택처,아커텍처,아커텡처,아퍼텍처,아터텍처,아커택처,아캐퇵처,카커텍처,아커텡처,카커텍처,아캐퇵처,아캐텍처,아커텍처,아커톡처,아커틱처,아커텡처,아퍼텍처,아커텤저,아커택처,아커택처,아캐펙처,아커택처,아커텤저,아커택처,아커택처,아캐퇵처,아크텍처,아허텍츠,아퍼텍처,아커첵처,아커텤저,아커텤저,카커텍처,아커텤저,카커텍처,아퍼텍처,아커텤저,아커첵처,아퍼텍처,아캐텍처,아퍼텍처,아커틱처,카커텍처,카커텍처,아캐펙처,아퍼텍처,아퍼텍처,카커텍처,카커텍처,아커틱처,아캐퇵처,아커택처,아캐퇵처,아커톡처,아커텤저,아캐퇵처,4,ㅇ
arm,암,압,캄,깜,함,암,알,앞,안,감,암,캄,캄,깜,압,캄,캄,알,감,알,깜,압,캄,캄,캄,압,캄,캄,압,암,감,감,캄,캄,캄,캄,캄,깜,캄,깜,캄,감,캄,앞,안,압,압,앞,캄,암,압,암,캄,압,안,감,캄,압,캄,알,캄,압,압,캄,압,감,압,알,깜,감,캄,깜,캄,캄,앞,캄,압,앞,캄,압,1,ㅇ
associate,어소시얻,어소수얻,어소시얼,어소새껃,어쏘시얻,어소시읃,어소시얻,어소시언,어소쉬얻,어소치얻,꺼소세얻,어소세앧,애수시얻,어소스얻,어소시엍,어소시업,어수시얻,어소시앧,어소찌얻,어소시껃,어또시얻,어소새얻,어조시얻,어세시헏,어소시엇,꺼소시엇,어소시언,어소시얻,어소스얻,어쏘시얻,애수시얻,어조시얻,어쏘시얻,애수시얻,어소시얻,어수시얻,꺼소시엇,어소시언,어소시엇,꺼소세얻,어소시읃,어소새껃,어수시얻,애수시얻,어소시얻,어수시얻,어소시껃,어소시얻,어수시얻,어쏘시얻,어소시얼,어조시얻,어조시얻,어소스얻,어소시얼,어소시껃,어소찌얻,어소시읃,어소시엍,어소시얻,어소찌얻,어조시얻,애수시얻,어쏘시얻,애수시얻,어소시엍,어소시껃,어쏘시얻,어소시엍,어수시얻,어소시엍,어소시얻,어소시얻,어소시껃,어소시얼,어세시헏,어소시껃,어소시껃,어소시앧,어쏘시얻,4,ㅇ
available,어베일러벌,어뵈앨러벌,어베일러범,어베인러벌,어뵈일러벌,으베일러뻘,꺼베일러벌,애보일러벌,어배일러벌,애비일러벌,어베임러벌,애베일러벌,어뻬일러벌,어베킬러벌,어베일러벌,어베일러블,어베일러펄,으뵈일러벌,어베일너벌,어베킬러블,허베일러벌,커베일러덜,어베일러멀,어데일러벌,어베일래벌,으뵈일러벌,어베킬러블,으베일러뻘,어데일러벌,어뵈앨러벌,으뵈일러벌,어베인러벌,어베킬러벌,으베일러뻘,어데일러벌,어데일러벌,커베일러덜,어배일러벌,애베일러벌,허베일러벌,어베일너벌,어베킬러블,꺼베일러벌,어베일너벌,으뵈일러벌,어베인러벌,어베일래벌,으뵈일러벌,어베인러벌,어베인러벌,으베일러뻘,커베일러덜,어데일러벌,으뵈일러벌,어베킬러블,애베일러벌,으뵈일러벌,어뵈앨러벌,어베일래벌,어베일너벌,어베킬러블,으뵈일러벌,어베일너벌,어베일래벌,어배일러벌,으뵈일러벌,어베킬러벌,어데일러벌,어베일너벌,어베킬러벌,으베일러뻘,애비일러벌,어데일러벌,으베일러뻘,으베일러뻘,으뵈일러벌,어뻬일러벌,어베인러벌,애비일러벌,어베일너벌,5,ㅇ
axp,에이엑스피,에애엑스키,에이액즈피,에이엑스패,에이왹스피,에키엑스피,에이엑수피,에이헥스피,외이엑스푸,에이엑스피,에이옥스피,에이엥스피,에이엑쓰피,에이엥서피,에에엑스피,에이엑스키,에이액스피,에이엫스퓌,이이엑스피,외이엑스피,에이엑스퓌,에이엑스히,이키엑스피,에이엫스피,에이엑스비,에에엑스피,외이엑스피,에이헥스피,외이엑스피,에이옥스피,에이액즈피,에에엑스피,에에엑스피,에이옥스피,에이엥서피,에이엑스비,에이엑쓰피,에에엑스피,이이엑스피,에이엫스퓌,이키엑스피,이키엑스피,이키엑스피,에이엑쓰피,외이엑스피,에이액스피,에이엑스패,에에엑스피,이키엑스피,에이엑스히,외이엑스피,에에엑스피,에이엑스피,에이엑스피,에이액즈피,에이엑쓰피,에이액스피,에이엑스퓌,에에엑스피,외이엑스푸,에이액즈피,에애엑스키,에이엑쓰피,에이엑스퓌,에이엑스패,에이엥서피,에이엫스퓌,에이옥스피,에이액스피,에이엥스피,에이액즈피,에이액즈피,에이엑스퓌,외이엑스피,에이액즈피,에이엑스패,에이엥스피,에이엥서피,이키엑스피,에에엑스피,5,ㅇ
base,베이스,베이수,베으스,베기스,베이트,비이뜨,베이서,뵈기스,베끼스,베우스,베위스,베애스,배애스,페이스,베우쉬,데에스,베이스,데이스,배으스,베히스,배이쉬,베이드,베이쉬,베히스,베애스,베으스,베이수,비이뜨,베히스,베끼스,베히스,베이수,베위스,데이스,베애스,베이드,베이서,베애스,배으스,베애스,배이쉬,데에스,베이스,베히스,비이뜨,비이뜨,배으스,베애스,베이수,베이수,데에스,베애스,배으스,배으스,데에스,베이서,베이스,데이스,베애스,베기스,데에스,베애스,데이스,배으스,베히스,비이뜨,배으스,베위스,베애스,비이뜨,베이수,베이스,비이뜨,베이스,베이수,비이뜨,베위스,베애스,데에스,비이뜨,3,ㅂ
batch,배치,배씨,대츠,베치,패치,비치,배찌,패츠,버취,배시,배취,배체,배치,버치,대치,배찌,배치,배체,배취,베치,대치,비치,베치,비치,배취,패치,베치,베치,베치,베치,패츠,배찌,대치,대치,베치,비치,베치,버치,배취,베치,대치,배찌,배찌,대치,베치,베치,비치,대치,배시,비치,배찌,베치,대치,베치,배찌,배찌,배시,버치,배찌,패치,베치,비치,배찌,배찌,비치,베치,베치,배찌,배취,배시,비치,베치,배취,배씨,배찌,비치,버치,베치,배치,배찌,2,ㅂ
behavior,비헤이비어,비헤이뷔어,디헤이비어,비호이비어,비헤이비애,미헤이브어,비히이비어,부헤이비어,비회이비허,부헤이베어,비헤이브어,비헤키비어,비회이비어,브회이비어,비헤이비거,베헤이비어,비헤으비어,비헤이비어,비해이비어,비헤이비으,뷔헤이비어,미헤이브어,비헤이비거,부헤이베어,부헤이비어,미헤이브어,비호이비어,비헤이비으,베헤이비어,브회이비어,베헤이비어,비회이비어,부헤이비어,부헤이비어,비회이비어,부헤이비어,비회이비어,뷔헤이비어,부헤이베어,비헤이비거,비헤이비어,비헤이비거,미헤이브어,비호이비어,비회이비어,비호이비어,베헤이비어,부헤이비어,비헤이비으,비헤이비어,비헤이비거,비호이비어,베헤이비어,베헤이비어,비헤이브어,비헤이비으,비헤이뷔어,비헤이비으,비헤이비으,뷔헤이비어,비헤키비어,비헤키비어,비헤이비거,부헤이베어,부헤이비어,비헤이비으,베헤이비어,비헤이비어,비헤키비어,베헤이비어,부헤이베어,베헤이비어,비헤이비으,비헤이비거,브회이비어,미헤이브어,브회이비어,비헤으비어,비헤이뷔어,비호이비어,5,ㅂ
best fit,베스트 핃,배스트 핃,베스트 핃,베스쓰 핃,베스트 핀,베서트 핃,베서티 핃,뵈스트 핃,베수트 푿,베스트 빋,베스터 핍,베스드 핃,베즈트 핃,베스트 픋,베스트 핍,비스트 핃,베쓰트 핐,페스트 핃,보서트 핃,베스크 힏,베트트 핃,베스츠 핃,베스트 핏,베스트 힏,베스트 핏,베스크 힏,베스쓰 핃,베서티 핃,뵈스트 핃,베쓰트 핐,뵈스트 핃,배스트 핃,베쓰트 핐,베스트 핏,뵈스트 핃,베스트 핃,베스트 핏,베서티 핃,베스츠 핃,베스트 핍,베서티 핃,베서티 핃,베스쓰 핃,베서티 핃,베스크 힏,베서티 핃,뵈스트 핃,베서티 핃,보서트 핃,배스트 핃,베서티 핃,베쓰트 핐,베스츠 핃,베서티 핃,베서티 핃,베서티 핃,베서티 핃,배스트 핃,배스트 핃,베스쓰 핃,뵈스트 핃,베스트 핃,베서티 핃,베서티 핃,베스쓰 핃,베스트 힏,베스트 핏,베서티 핃,배스트 핃,보서트 핃,뵈스트 핃,뵈스트 핃,베쓰트 핐,베스크 힏,뵈스트 핃,베스크 힏,베서티 핃,베스쓰 핃,보서트 핃,베서티 핃,5,ㅂ
big,비그,디거,비기,미그,디기,비흐,디그,뷔거,베으,디으,삐그,비귀,비끄,비그,배그,비으,베그,비끄,비그,베그,디으,비끄,비그,비귀,비흐,비끄,비그,비그,비흐,비흐,비그,베그,디으,비흐,미그,미그,비그,디으,비귀,비그,비끄,미그,비흐,비그,비끄,베그,비끄,비그,비끄,비끄,베그,비기,미그,비흐,베그,베으,디으,비흐,미그,디거,미그,비흐,비귀,비끄,비흐,뷔거,미그,비끄,비귀,비흐,삐그,비흐,비으,미그,비흐,비흐,디으,비그,베그,베그,2,ㅂ
binding,바인딩,바인딕,바은딩,다인팅,다인딖,바인딩,파긴딩,파인딩,바인팅,바앤딩,바은딬,바인빙,바킨딩,바힌댕,바엔딩,바인링,바인댕,바인등,바인띵,바낀딩,바인뎅,빠인딩,다인딩,바인팅,바인띵,다인팅,바인딕,바인딕,바은딬,파인딩,바은딩,다인팅,바앤딩,바인등,바인뎅,바앤딩,바인뎅,바인딕,다인팅,바앤딩,바인딕,다인팅,바인띵,바인뎅,바은딬,바인팅,파인딩,바은딬,다인딖,다인팅,바인딕,다인팅,바인뎅,바인딕,바인댕,다인팅,바인등,바인뎅,바인띵,바인팅,바힌댕,파인딩,바인딕,바힌댕,다인팅,바인뎅,바인뎅,바힌댕,바인등,파긴딩,바인등,바인등,바인등,바인딕,바은딬,다인팅,바앤딩,바인뎅,바인댕,바앤딩,3,ㅂ
bit,빋,밷,딛,붇,빗,삗,빋,핃,빌,빕,빘,벧,밷,벧,붇,붇,빗,붇,빘,핃,빕,딛,붇,빘,빋,붇,벧,붇,밷,벧,딛,딛,빗,빗,빌,붇,밷,벧,붇,빘,벧,붇,빘,딛,붇,빘,벧,붇,빗,핃,밷,빘,빕,밷,밷,붇,빗,핃,빗,핃,핃,빗,붇,붇,붇,핃,밷,핃,빘,밷,빌,빌,밷,빗,붇,빗,붇,빗,벧,빘,1,ㅂ
block,블라크,들라퀴,들라크,블라키,븐라프,블라커,플라트,벌라커,븜라크,벌라크,플라크,믈라크,빌라쿠,블라크,뷜라크,븐라프,블라키,믈라크,들라크,블라커,븐라프,븐라프,벌라크,뷜라크,븐라프,플라크,븐라프,플라크,플라크,븐라프,들라크,벌라크,들라크,플라크,븐라프,들라퀴,믈라크,플라크,뷜라크,뷜라크,븐라프,븐라프,벌라크,븐라프,븐라프,븐라프,벌라크,플라트,들라크,믈라크,블라커,들라크,뷜라크,븐라프,븐라프,블라커,믈라크,블라커,플라크,벌라크,플라트,믈라크,믈라크,븐라프,벌라크,들라크,블라키,들라크,들라크,블라키,븐라프,들라크,블라커,블라커,븐라프,벌라크,뷜라크,플라크,븐라프,플라트,3,ㅂ
break,브레이크,버뢰이크,브레이크,버레이그,비레이크,브레위크,브레이퀴,쁘레기크,브레으크,드레애크,브레히크,브레이트,브뢰이키,브레히프,브레키크,드레이크,부레끼크,브레끼크,브레이으,프레이크,브레이커,브레키크,브레키크,브레키크,브레히프,브레이트,드레이크,부레끼크,브레키크,브레으크,쁘레기크,브레히프,브레키크,프레이크,브레키크,드레애크,브레키크,브레키크,브레키크,브레키크,브레히프,브레이으,브레이트,부레끼크,브레키크,드레이크,브레이으,브레이트,버레이그,브레키크,브레히프,브레키크,브레이으,브레히프,브레키크,프레이크,브레이으,브레히프,버뢰이크,쁘레기크,브레이트,부레끼크,브레키크,버레이그,브레키크,브레키크,부레끼크,브레키크,브레키크,브레으크,브레히프,브레이으,브레키크,부레끼크,브레히프,브레이으,브레히크,브레키크,브레이으,브레키크,4,ㅂ
buffer,버퍼,버프,브퍼,버터,버허,더프,더퍼,배퍼,버뻐,버커,배프,퍼뻐,브허,버퍼,버패,버머,퍼커,머패,퍼머,브프,버터,더퍼,버터,버머,퍼머,버프,버터,버퍼,버프,버터,버커,버프,퍼뻐,버프,브허,버머,버프,버터,버터,버퍼,버커,버터,버퍼,버프,퍼뻐,브허,배프,버터,버터,버커,버터,버터,퍼뻐,머패,버프,버커,버커,더퍼,버터,버프,더퍼,버터,버퍼,버퍼,버터,버터,버터,버터,버터,버터,버퍼,브허,버머,버퍼,퍼뻐,퍼커,브프,버터,버퍼,머패,2,ㅂ
cache,캐시,캐씨,깨시,캐새,해스,키쉬,케시,캐띠,캐시,태티,케새,패띠,캐지,패시,커시,개시,캐디,캐세,애시,해시,키시,태시,케새,캐디,캐세,캐씨,케새,캐디,케새,캐디,캐시,캐디,캐새,케새,키쉬,케새,캐디,캐씨,케새,케새,캐디,개시,케새,케새,패띠,캐세,캐세,캐띠,캐씨,캐디,캐씨,캐디,캐세,개시,애시,키쉬,캐씨,케새,케새,케새,태시,케새,키쉬,태시,케새,캐띠,캐디,캐디,캐세,패시,케새,캐씨,키쉬,캐디,애시,패시,키쉬,개시,캐씨,애시,2,ㅋ
cached,캐슈트,케슈트,캐슈튀,캐슈트,캐듀티,커슈트,캐튜트,캐쓔트,캐쓔터,케슈크,케슈츠,캐슈터,캐슈뜨,캐슈투,애슈투,패쓔트,캐츄트,태슈트,캐슈투,캐튜트,태슈트,캐츄트,캐튜트,캐슈투,애슈투,태슈트,캐튜트,애슈투,케슈크,태슈트,캐슈투,캐슈트,태슈트,캐슈터,케슈크,캐쓔터,케슈츠,패쓔트,케슈츠,캐츄트,캐슈트,캐슈트,케슈츠,캐츄트,캐슈투,케슈츠,애슈투,캐튜트,케슈츠,캐츄트,케슈츠,패쓔트,캐슈터,캐듀티,캐슈트,캐듀티,캐츄트,캐슈투,캐츄트,캐슈터,캐슈투,태슈트,캐듀티,캐슈투,캐슈튀,캐슈트,캐쓔터,케슈츠,애슈투,캐슈터,케슈트,애슈투,케슈츠,캐튜트,태슈트,애슈투,케슈트,캐슈트,패쓔트,캐슈트,3,ㅋ
cam,캠,캔,갬,캠,캘,켐,햄,캪,킴,컴,탬,캡,탬,킴,킴,킴,켐,킴,킴,햄,켐,캡,킴,킴,탬,켐,컴,켐,캡,햄,햄,갬,켐,햄,햄,캡,햄,햄,캡,캡,킴,킴,켐,켐,캘,햄,킴,햄,갬,켐,켐,햄,켐,캡,킴,켐,캠,켐,캘,햄,햄,캡,킴,캪,캠,캠,햄,킴,켐,캠,켐,켐,캘,캘,햄,캡,캡,햄,켐,갬,1,ㅋ
case,케이스,코이스,케키스,케이스,케히뜨,케이쓰,케이즈,게이스,케에서,케기쓰,케이쯔,케끼스,케우스,케히스,케이드,케이트,케으스,케이쉬,케위드,쾨이스,케끼스,케우스,케우스,케우스,케으스,케에서,케기쓰,쾨이스,게이스,케우스,쾨이스,케우스,케이스,케으스,케에서,케이즈,케기쓰,케키스,케우스,케끼스,케으스,케끼스,케히뜨,케히뜨,케이트,케히뜨,케으스,케에서,케우스,케으스,케끼스,케히뜨,케으스,케에서,케이스,케끼스,케이트,케이트,쾨이스,케이스,케우스,케에서,케이쯔,케으스,케이즈,쾨이스,케이즈,케에서,쾨이스,케이스,케기쓰,케이스,케이즈,케키스,케히뜨,케이즈,쾨이스,케끼스,케이즈,케에서,3,ㅋ
code,코드,꼬두,코두,코느,코쓰,쾨드,케더,케브,고드,코스,코르,코뒤,코드,케두,토드,토트,포뒤,코트,코더,꼬드,꼬두,꼬두,코쓰,케브,케브,코쓰,꼬두,쾨드,케두,케브,고드,코트,코르,꼬두,코쓰,코뒤,토트,케브,코르,케브,코드,꼬두,케브,코르,코쓰,코느,코르,코드,케브,코르,케브,케두,꼬두,코뒤,토트,케브,꼬두,고드,케브,코느,코두,케브,케브,코르,코드,꼬두,포뒤,꼬두,코트,코더,케브,코르,코르,코르,코두,케브,코뒤,코뒤,코두,코트,2,ㅋ
collection,컬렉쎤,컬렊젼,클렉쎤,캘렉쎤,컨랙쎤,컬릭션,컬록쎤,컬릭쎤,컬멕쎤,컬렉쎤,컬렝쎤,컬넥쎤,컴록쎤,컬렉션,컨뢱쎤,컴렉쎤,컬뢱쎤,컬렉젼,털렉쎤,털렉뎐,컬렠쎤,컬릭션,컬록쎤,컬넥쎤,컬록쎤,컬멕쎤,컴록쎤,캘렉쎤,컬렉쎤,컬록쎤,캘렉쎤,컬록쎤,털렉쎤,캘렉쎤,컴렉쎤,캘렉쎤,컬렉션,컴록쎤,컬렠쎤,컴록쎤,캘렉쎤,캘렉쎤,캘렉쎤,컬릭쎤,컬렉젼,컬렉젼,컬렉젼,컬록쎤,컬렉젼,컨뢱쎤,캘렉쎤,컬렠쎤,털렉뎐,컬렉젼,컬렉션,컨뢱쎤,캘렉쎤,컬렉쎤,컨랙쎤,컬렊젼,컬록쎤,컬렊젼,컨뢱쎤,캘렉쎤,컬렉션,컴록쎤,컬렉젼,컬렉젼,캘렉쎤,캘렉쎤,털렉쎤,털렉쎤,컬렝쎤,컬렝쎤,캘렉쎤,컬록쎤,털렉쎤,털렉쎤,컬렉션,컴록쎤,3,ㅋ
combine,캄바인,캄다인,탐바앤,캄바임,캄바윈,캄다앤,캄바일,칸바앤,캄바힌,암바인,팜바인,캅바인,캄바앤,칸바긴,칼바일,캄바낀,캄빠인,암바긴,캄파인,탐바인,캄바인,캄바임,캄바임,암바긴,칼바일,캄바임,캄바임,캄바임,캄바임,캄바임,캄바인,캄바임,탐바인,캄바인,팜바인,탐바인,캄바인,캄바앤,암바인,탐바앤,캄바힌,캄바인,암바긴,캄바앤,칸바앤,암바긴,팜바인,팜바인,캄바임,캄다앤,캄바일,캄바인,캄다인,캄다인,캄바인,암바긴,탐바인,캄바윈,캄바임,암바긴,캄바일,캄바앤,칼바일,캄바임,칼바일,캄바인,탐바인,칼바일,칼바일,캄바임,캄바인,칼바일,팜바인,칼바일,암바긴,탐바인,탐바앤,칼바일,캄바앤,캄바임,3,ㅋ
compile,컴파일,컴카앨,컴파인,큼파일,컴마인,컴파일,컴파낄,텀파일,컴파길,컴하을,엄파일,컴파울,큼파길,캠파일,컨파일,컴파힐,컴파을,컴하일,컴마인,컴하을,컴하을,컴하을,컴파힐,컴파길,컴파길,컴마인,컴카앨,컴파인,컴하을,컴하을,컴하을,엄파일,컴카앨,컴하을,컴하을,컴카앨,큼파길,컴파인,컴파길,컴하을,컴마인,큼파길,컴하을,컴파인,컴하을,컴하일,컴파길,컴마인,컴하일,컴하을,컴파낄,컴파힐,컴하을,컴하일,컴하을,큼파길,컴파길,컴카앨,큼파길,컴하을,컴마인,큼파길,컴파낄,컨파일,컴하을,컴하을,컴하을,컴카앨,컴파길,큼파길,컴하을,컴하을,컴카앨,엄파일,컴카앨,컴하을,컴하을,큼파길,큼파길,컴하을,3,ㅋ
computer,컴프유터,컴퓌유터,컴프유터,텀프유터,컴프유커,컴피유터,큼퓌유터,검프유터,컴푸유터,컴퍼유떠,컴프유태,텀흐유터,캠프유터,컴흐유터,캠프큐터,컴프유퍼,컴크유터,큼트유터,컴퓌유커,컴프유트,컴프유처,컴퍼유태,컬프유터,컴퓌유터,컬프유터,컴크유터,컬프유터,큼퓌유터,컴흐유터,컴퍼유떠,컴프유처,컴푸유터,컬프유터,컴프유퍼,검프유터,컴프유태,검프유터,텀프유터,컴프유터,컴푸유터,컬프유터,컴퓌유터,컴피유터,텀흐유터,컬프유터,큼트유터,컴푸유터,텀흐유터,큼퓌유터,큼트유터,컬프유터,컴퓌유터,컴프유터,큼트유터,큼퓌유터,검프유터,컴푸유터,컴퓌유터,컴푸유터,컴프유처,텀프유터,컴크유터,컴푸유터,컴프유터,컴크유터,컴퍼유떠,큼트유터,컴프유태,컴퍼유떠,컴프유커,컴크유터,컴크유터,컴흐유터,컴프유터,캠프큐터,컴푸유터,컴크유터,컴흐유터,컴퍼유떠,큼트유터,4,ㅋ
consistent,컨시스턴트,컨시스턴드,컨세스턴트,컨치스턴투,캔시스턴트,컨시뜨턴트,언시스턴크,컨시서턴트,컬씨스턴트,컨시스천트,컬시스튼트,컨지스턴트,컨시시튼트,턴시스턴트,턴지스턴트,컨세쉬턴트,컨시스턴트,헌시쓰턴트,컨시스컨트,컨수스턴트,컨시스선트,컨시스선츠,컨시스턴크,컨시스턴터,컴시스썬트,컨시쓰턴츠,컨시스털트,컨시스턴츠,컬시스턴트,컨시스턴드,헌시쓰턴트,컨시스천트,헌시쓰턴트,언시스턴크,컬씨스턴트,턴지스턴트,컨시스털트,컨시스턴트,캔시스턴트,헌시쓰턴트,턴시스턴트,컴시스썬트,헌시쓰턴트,캔시스턴트,컨시스턴드,헌시쓰턴트,컨시스턴드,컨시스턴터,컨시서턴트,컨시스턴츠,턴지스턴트,컨시스턴드,컨시스선츠,헌시쓰턴트,컨시스천트,컨세쉬턴트,헌시쓰턴트,헌시쓰턴트,컨세쉬턴트,컬씨스턴트,컨세쉬턴트,컨시스턴크,컨시스턴트,컨수스턴트,헌시쓰턴트,컨시스털트,컨시스턴드,컨시스턴터,컨시시튼트,턴시스턴트,컨시쓰턴츠,헌시쓰턴트,컨시스턴크,컨시서턴트,컨시스턴츠,컨치스턴투,컨시서턴트,헌시쓰턴트,턴지스턴트,컨세쉬턴트,5,ㅋ
cont,씨오엔티,시호엔티,씨오앤티,쎄오엔티,씨오엔키,시오엔키,쓰오엔트,씨코엔티,씨오왼티,씨우엔티,띠오엔티,씨오엔티,씨오엠티,치오엔티,치우엔티,쓰오왼티,씨외엔투,씨오엠키,쌔오엔치,씨외엔키,씨호엔티,씨오엔티,씨오엠티,씨오엔키,씨오엠티,씨오엠티,치우엔티,씨오엠티,치우엔티,치우엔티,씨오엔티,쓰오왼티,치우엔티,씨오엔티,씨오엔티,씨오엔티,씨호엔티,쓰오왼티,씨오엠키,씨오엔티,씨오엔티,씨호엔티,씨오엔키,씨오엔티,씨오엔티,치우엔티,씨오엔키,시호엔티,씨오엔티,씨오엔티,씨코엔티,씨오앤티,씨오엔티,치우엔티,씨오엔티,씨오엔티,씨오앤티,치우엔티,시호엔티,씨오엔티,씨오엔키,시호엔티,치우엔티,씨오엔키,씨오엔티,씨오엔티,치우엔티,시호엔티,씨우엔티,씨오엔티,씨오엔티,시호엔티,치우엔티,씨오엔티,씨오엠티,씨코엔티,씨오엠티,씨오엔티,씨오엔티,씨오엔티,4,ㅆ
content,칸텐트,칼뗀트,칸펜크,칸텐티,칸첸츠,판텐크,간텐트,탄텐터,칸켄트,칸틴투,탄템트,칸켄티,칸켄츠,판텐트,칸텔트,칸퇸트,칸틴터,탄탠트,칸텐츠,칸텐트,깐톤트,칸텐투,칸텐터,칸텐프,칸텐크,칸켄트,칼뗀트,칸텐티,칸텐티,칼뗀트,간텐트,칸켄티,칸퇸트,칸켄츠,칼뗀트,칸텐츠,칸텐티,칸텔트,칸텐터,칼뗀트,칼뗀트,칸텐티,칸켄트,탄텐터,탄템트,칸텐프,칸텐터,탄텐터,칼뗀트,탄텐터,칸텐티,칸텐터,칸텐티,칸텐터,칸텐티,판텐크,칸켄츠,칸텐티,칸텐티,칸텐투,칸텐티,탄탠트,칸텐티,칸켄트,칸텐티,판텐크,칸틴투,탄텐터,판텐트,칸텐프,탄템트,칸텐츠,칼뗀트,칸텐투,칸켄트,칸텐터,칸텐츠,탄템트,칼뗀트,판텐트,3,ㅋ
context,칸텍쓰트,칸퇵쓰투,탄텍쒸트,칸텍스트,탄텍쑤트,칸텍쓰뜨,칸텍쓰트,칸텤쓰트,칸텧쓰트,칸텍드트,칸텍쯔트,칸켁쓰트,칸택쓰크,칸텍쓰크,칸텤쓰프,캄텍쓰투,칸텍쓰투,탄텍드트,칸톡쓰트,칸택쯔트,간텍쓰쓰,칸택쓰크,탄텍쑤트,칸텍쓰트,칸택쓰크,칸텍쓰트,칸택쓰크,칸택쓰크,칸퇵쓰투,탄텍쑤트,탄텍드트,칸톡쓰트,탄텍쑤트,칸텍쓰트,칸택쓰크,칸택쓰크,탄텍쒸트,칸텍쓰트,칸텍드트,탄텍쑤트,칸택쓰크,칸택쓰크,탄텍쑤트,칸택쓰크,칸택쓰크,칸택쯔트,탄텍쑤트,칸텍드트,칸택쓰크,칸택쓰크,칸톡쓰트,칸택쓰크,칸택쯔트,탄텍쑤트,탄텍쑤트,탄텍쑤트,칸택쓰크,칸택쓰크,탄텍드트,칸텧쓰트,칸택쓰크,칸택쓰크,칸텍쓰트,탄텍드트,칸텤쓰트,칸텍스트,탄텍쒸트,칸텍드트,탄텍쑤트,칸텧쓰트,칸톡쓰트,탄텍쑤트,탄텍쑤트,칸텍드트,칸택쓰크,칸켁쓰트,칸택쓰크,탄텍쒸트,칸택쓰크,탄텍쑤트,4,ㅋ
contiguous,컨티규어스,턴티규어스,컨티규애스,컬티규으스,컨테휴어스,큰티규어츠,컨티유어스,컨티규어뜨,컨티규어서,펀티규어스,컨태규어스,컨태유어스,컨디규어스,컨티규허스,캔티규어스,컨테규어스,컨티규어스,컴티규어스,큰티규어츠,컨티규어뜨,컨태유어스,컨티규어스,컨티유어스,컨티규어뜨,컨티규애스,컨티규어뜨,컨티규애스,컨티규애스,컬티규으스,큰티규어츠,턴티규어스,컨티규애스,컨디규어스,컨티규애스,컨티규어뜨,컨티규애스,컨티규애스,컨티규어스,컨테휴어스,큰티규어츠,큰티규어츠,컨테규어스,컨디규어스,컨테규어스,큰티규어츠,큰티규어츠,큰티규어츠,컨디규어스,컨티규어뜨,큰티규어츠,큰티규어츠,캔티규어스,컬티규으스,컨티규어스,컨티규어스,컨태유어스,큰티규어츠,컨티규어스,컨티유어스,컨티규애스,컨티규어스,컨티규어뜨,컨티규어뜨,캔티규어스,컬티규으스,컨티규어스,큰티규어츠,턴티규어스,컨티규어뜨,컬티규으스,큰티규어츠,컨티규애스,컨티유어스,컬티규으스,캔티규어스,컨티규애스,큰티규어츠,컬티규으스,큰티규어츠,컨디규어스,5,ㅋ
control,컨트롤,컨티롤,턴트롤,컨튀롤,컨프롤,캔트룰,캔트롤,건트뢸,컨크롤,컨투롤,캔트놀,건트몰,큰트룰,컨트롬,컬트롤,컨터롤,펀트롤,컨트롤,컨드롤,컨트놀,컨트렐,캔트룰,건트몰,컨터롤,컨트롬,컨투롤,컨튀롤,컨터롤,캔트롤,캔트놀,컨튀롤,컨튀롤,컨티롤,펀트롤,펀트롤,펀트롤,컨투롤,건트뢸,컨프롤,컨튀롤,컨트롬,컨프롤,컨터롤,컨프롤,캔트룰,캔트룰,턴트롤,컨터롤,컨튀롤,턴트롤,펀트롤,컨투롤,컨트롬,컨터롤,건트몰,컨터롤,컨트롬,컨트놀,건트몰,컨튀롤,컨트놀,컨티롤,펀트롤,캔트놀,컨투롤,컨튀롤,컨튀롤,컨크롤,턴트롤,턴트롤,컨트롬,컨터롤,컨트놀,컨트롬,컨프롤,컨트롬,캔트룰,캔트롤,컨투롤,컨터롤,3,ㅋ
convenient,컨비니언트,컨비니언트,컴비니언트,컨비니언프,컨비니얼트,컨뷔니언트,껀비네언트,컨비니앤트,캔비니언트,컨배니언트,턴비니언트,컨비니언쓰,컨비내은트,컨비니언크,컨디니언트,헌비뉘언트,컨비니은트,큰비니언트,큰비니언크,컨비리언트,컬비니언트,컨비니건크,컨베니언츠,캔비니언트,컨비니언쓰,컨비니건크,껀비네언트,컨디니언트,컨뷔니언트,컨비리언트,컨뷔니언트,큰비니언트,컨비니언트,컨비리언트,큰비니언트,컨뷔니언트,컨비내은트,컨뷔니언트,컬비니언트,컨비니언트,컨비리언트,컨비니언트,컨비니은트,큰비니언크,턴비니언트,컬비니언트,컨뷔니언트,컨비니건크,컨뷔니언트,턴비니언트,껀비네언트,턴비니언트,컨비니얼트,컨비니언쓰,컴비니언트,턴비니언트,컨비니앤트,컨비니앤트,컨비니언트,턴비니언트,컨뷔니언트,컨비니언트,껀비네언트,컨비니앤트,컨비내은트,컨디니언트,컬비니언트,컨베니언츠,컨비니언트,컨비니언크,컨뷔니언트,컬비니언트,컨비니언트,컬비니언트,컴비니언트,컨베니언츠,컨비리언트,턴비니언트,컨비니얼트,컬비니언트,5,ㅋ
cpu,씨피유,씨피유,씨티유,쓰피유,쎄피유,쎄페유,씨퓌큐,씨피규,씨푸유,씨피뀨,씨패유,시피유,씨비유,지피유,씨프유,시피뀨,치퓌유,쎄퓌유,씨페유,쌔피유,쎄퓌유,씨퓌큐,씨티유,씨퓌큐,씨피뀨,씨비유,씨푸유,씨피유,씨피규,치퓌유,씨패유,쓰피유,쓰피유,씨티유,씨비유,씨티유,씨피뀨,씨프유,씨피규,씨퓌큐,씨피뀨,씨비유,씨피뀨,시피뀨,씨비유,쎄퓌유,씨피뀨,쎄퓌유,씨피뀨,씨피규,씨퓌큐,쎄페유,씨티유,쓰피유,씨퓌큐,씨피뀨,씨푸유,씨피규,씨퓌큐,쓰피유,씨피뀨,씨피규,치퓌유,씨티유,씨피유,씨프유,씨퓌큐,씨티유,씨피뀨,쓰피유,쓰피유,씨푸유,씨피뀨,씨패유,쎄페유,씨패유,씨피유,씨피뀨,씨피유,씨퓌큐,3,ㅆ
cross segment,크로스 세그먼트,크노스 세그먼트,으로스 세그멀트,크로스 세그넌트,크로스 세그먼티,으로스 세그먼트,크로서 세흐먼트,크로스 세그먼트,크로쯔 세그먼트,크로스 체그먼트,흐로스 세그먼트,크로스 소그먼트,쿠로스 세그먼트,트로서 세그먼트,크로스 쎄그맨트,크로스 제그먼트,크로스 세그번트,트로스 세그먼트,크로스 떼그먼트,크로스 새그먼트,끄로스 세그먼뜨,크로스 세그먼크,크로스 세그먼터,크로스 세그먼뜨,크로서 세그먼트,크노스 세그먼트,크로스 세그먼뜨,크노스 세그먼트,흐로스 세그먼트,으로스 세그먼트,쿠로스 세그먼트,크로스 세그먼티,쿠로스 세그먼트,쿠로스 세그먼트,크로스 쎄그맨트,으로스 세그먼트,쿠로스 세그먼트,크로스 제그먼트,크로스 세그넌트,크로쯔 세그먼트,크노스 세그먼트,크로서 세흐먼트,크로스 소그먼트,크로스 세그먼티,크로스 세그넌트,크로스 떼그먼트,흐로스 세그먼트,크로쯔 세그먼트,크로쯔 세그먼트,크로스 세그넌트,크노스 세그먼트,크로서 세그먼트,크노스 세그먼트,크로스 체그먼트,쿠로스 세그먼트,크로스 세그먼트,크로스 떼그먼트,크로스 세그넌트,크로스 새그먼트,크로스 제그먼트,크로스 소그먼트,크로스 제그먼트,크로스 세그넌트,크로스 세그먼뜨,크로스 세그먼뜨,쿠로스 세그먼트,크로스 세그번트,크로스 떼그먼트,트로스 세그먼트,트로스 세그먼트,트로스 세그먼트,크로서 세흐먼트,크로스 세그넌트,크로스 세그먼뜨,으로스 세그먼트,크로쯔 세그먼트,크로스 세그먼티,크로스 세그넌트,크로쯔 세그먼트,크로서 세흐먼트,8,ㅋ
data,데이터,베이터,데끼터,대이터,데으트,데이터,도이터,네이터,데키터,데이커,디이터,되이터,되이태,세이처,데이트,데우트,데이태,디이태,데이처,레이터,쎄이터,데이써,테이터,세이터,떼이터,데이터,데이터,대이터,대이터,쎄이터,되이터,데이처,데이터,쎄이터,데이처,대이터,데이처,데이처,도이터,네이터,데이처,쎄이터,데이커,세이터,테이터,쎄이터,베이터,떼이터,세이터,되이터,데이처,쎄이터,데이터,테이터,되이태,데이처,대이터,쎄이터,데이터,데이터,데이커,네이터,되이태,테이터,대이터,네이터,데이트,데이커,되이태,데이터,데끼터,데이트,테이터,대이터,데이터,데이터,테이터,쎄이터,데으트,되이터,3,ㄷ
department,디파트먼트,드파트먼터,디파트맨트,디파트넌트,대파트먼트,비파트런트,디파튀먼트,디바터먼트,디타트먼트,디파티먼트,디마트먼트,드파트먼트,디파트런트,디파트먼크,디파트믄터,디파투뻔트,디빠트먼트,디파크먼트,디파트먼츠,디하투먼트,비하트먼트,디파트멈트,디파트먼터,디파트먼뜨,디파트먼트,디파트먼트,디파트멈트,디파트맨트,비파트런트,디파트먼터,디파트믄터,비파트런트,디파티먼트,디파티먼트,디파트믄터,디파트믄터,비파트런트,디바터먼트,디파트맨트,비파트런트,디파트믄터,디파트넌트,디바터먼트,대파트먼트,디파트먼트,디파트맨트,디파트믄터,디파트믄터,디파트먼뜨,디파트맨트,대파트먼트,비파트런트,비하트먼트,비파트런트,디파트먼트,드파트먼트,디파트맨트,디파티먼트,디파트맨트,디파트믄터,디파티먼트,디파트믄터,디파트먼터,디파티먼트,디파트믄터,드파트먼트,비하트먼트,디타트먼트,비하트먼트,비하트먼트,디파트맨트,디파트믄터,디파트믄터,비하트먼트,비파트런트,디파트넌트,디파트먼츠,비파트런트,드파트먼트,비파트런트,5,ㄷ
device,디바이스,비바위스,디다이수,디파우스,디바우스,리바이스,시바이스,디바이스,디마이스,디파이스,디빠이드,디바이즈,대바이스,디바이트,디바키스,디바위스,디다이스,디바위쓰,디바이쯔,디바이수,디바이쯔,디마이스,디빠이드,디마이스,디마이스,디바위쓰,디바이스,대바이스,디바이스,디바이스,디바이수,디바이스,디다이스,디다이수,디바이스,디바이쯔,디바위쓰,디다이스,디마이스,디마이스,디빠이드,디다이스,디바이스,대바이스,디마이스,디바이수,대바이스,디마이스,디바이수,대바이스,디바이스,디바이스,디다이수,대바이스,디빠이드,대바이스,디마이스,디바위쓰,디다이수,디바위쓰,대바이스,디마이스,디바이스,디바이스,대바이스,시바이스,대바이스,디파이스,대바이스,디바위스,디바이수,디바이스,디빠이드,디바키스,디바위쓰,디바이쯔,디바위쓰,디바이스,디바위쓰,디바이쯔,4,ㄷ
difference,디퍼런스,디퍼런시,대퍼런뜨,디퍼런서,디커런스,디프런스,씨퍼런스,디퍼른스,디뻐런스,디퍼런즈,디패런수,디퍼런쓰,디퍼랜스,대퍼런쯔,디뻐런츠,니퍼런스,디퍼런스,디패런스,디퍼런스,디패런스,디퍼런서,디커런스,디뻐런츠,디퍼런서,디뻐런스,디패런스,니퍼런스,씨퍼런스,씨퍼런스,디커런스,디패런스,디패런수,디뻐런스,디퍼런서,디커런스,씨퍼런스,디퍼랜스,디커런스,디퍼른스,디커런스,디패런스,디커런스,니퍼런스,디퍼른스,디커런스,디패런수,니퍼런스,디커런스,씨퍼런스,디퍼런쓰,디커런스,디패런수,디퍼런즈,디프런스,디패런수,디커런스,디퍼런스,디커런스,디퍼런쓰,디커런스,니퍼런스,디커런스,디커런스,디퍼런쓰,디뻐런스,디커런스,디패런수,디퍼런스,니퍼런스,디커런스,디뻐런츠,디뻐런스,디커런스,디퍼런쓰,디퍼랜스,디패런수,씨퍼런스,디퍼런스,디커런스,디프런스,4,ㄷ
different,디퍼런트,디패런트,디퍼랜크,띠퍼런트,디커런트,디퍼먼트,디터런트,디머런트,띠터런트,디퍼런티,디퍼런츠,시퍼런트,대퍼런트,디프럼트,디프런트,디퍼럼트,디프먼트,디패넌트,비퍼런트,디퍼랜트,디퍼런트,디패런트,디터런트,디패넌트,시퍼런트,디패런트,디커런트,디커런트,디터런트,디패넌트,디패런트,디패넌트,디퍼먼트,디패런트,디패넌트,디퍼런트,디퍼랜트,디퍼런츠,디커런트,시퍼런트,디퍼런츠,디퍼랜트,디커런트,디터런트,디패넌트,디커런트,디프럼트,디프럼트,디패런트,디퍼럼트,디퍼런트,디터런트,시퍼런트,디패런트,디패넌트,디커런트,디퍼런츠,디프먼트,디커런트,디패넌트,디터런트,디커런트,디터런트,디퍼런트,시퍼런트,디퍼런트,디커런트,디터런트,시퍼런트,디패넌트,디터런트,디퍼런츠,디패넌트,디터런트,디퍼런트,디퍼런츠,디패넌트,디커런트,디퍼런츠,디프먼트,4,ㄷ
difficult,디퍼컬트,디버캘트,데퍼컬트,디퍼컬트,디퍼컬터,디퍼컬튀,디터컬트,씨프컬트,디패컬트,디퍼컬크,디커컬티,디머컬드,리퍼컬트,디퍼털트,디퍼클트,드허컬트,디뻐컬트,디뻐컬티,뒤프컬트,디프컬크,디퍼펄트,디프얼트,드허컬트,디퍼컬터,뒤프컬트,디뻐컬티,드허컬트,디프얼트,디프얼트,데퍼컬트,데퍼컬트,디커컬티,데퍼컬트,디프컬크,드허컬트,디퍼컬튀,뒤프컬트,디프얼트,디프컬크,디버캘트,드허컬트,드허컬트,드허컬트,디커컬티,드허컬트,디프얼트,드허컬트,데퍼컬트,드허컬트,드허컬트,드허컬트,디퍼컬크,드허컬트,디퍼컬크,드허컬트,디프얼트,디프얼트,뒤프컬트,데퍼컬트,드허컬트,디프컬크,데퍼컬트,드허컬트,씨프컬트,디퍼털트,뒤프컬트,디머컬드,디퍼컬크,디퍼털트,디프컬크,디퍼컬크,디프얼트,디프얼트,디프얼트,디프얼트,드허컬트,드허컬트,디커컬티,디프얼트,디머컬드,4,ㄷ
directory,더렉터리,더렉태리,버넥터리,대렉터리,더릭터리,더멕터래,더렉처리,더렉더리,더뢱터레,더렉터미,떠렉커리,더렝터리,버렉터리,더렣터니,더렉터루,대렉처리,더렉트리,드렉터리,더렉터니,러렉터리,버렉터뤼,더렉태니,더렉터리,더렣터리,더렉터리,버렉터리,더렉트리,더렉터루,더렉터리,더렉더리,대렉처리,더렝터리,더렉더리,떠렉커리,더렉태니,떠렉커리,더렉태리,더렉터리,더렉터니,더렉터리,버렉터뤼,더렝터리,버렉터뤼,더렉터리,버렉터뤼,버렉터뤼,더릭터리,버렉터뤼,더렉태니,버렉터뤼,더렝터리,더렉태리,더렉더리,버렉터뤼,더뢱터레,더렉터리,버렉터뤼,버렉터리,버넥터리,더렉터리,떠렉커리,더렉태리,떠렉커리,더렉터리,떠렉커리,더렉터니,버렉터리,더렉터리,버렉터뤼,버렉터뤼,버넥터리,더렉더리,버렉터뤼,더릭터리,드렉터리,더렉터리,버렉터리,더렉태니,더렉태리,버렉터뤼,4,ㄷ
dirty,더티,버티,대디,터티,대티,더테,드티,더티,더치,더씨,대트,드치,더튀,버태,대튀,버피,대치,더피,더치,대치,드치,더치,대치,버피,버피,버티,대치,버피,드티,버티,드티,드티,버티,대튀,버피,대튀,버피,더튀,드티,드티,대치,터티,드티,터티,버티,대튀,대치,더치,버티,드티,터티,버피,대트,버티,더치,더치,대튀,더치,더티,버피,더치,대치,버피,버티,더치,터티,대티,더테,버피,버피,대치,버피,더치,대튀,버피,대튀,버티,드티,대치,버피,2,ㄷ
disk,디스크,디서커,티스크,디수크,디서크,디스그,뒤서크,대쯔크,디스크,두스트,디스트,니스크,대뜨크,디뜨크,비스커,디쯔크,디즈크,디스흐,두스그,디스커,디스퀴,디트트,디스트,디스퀴,두스그,디스크,디스퀴,디수크,대쯔크,디뜨크,디스트,디스크,뒤서크,비스커,디스크,디서커,두스그,두스그,비스커,비스커,디뜨크,비스커,디수크,디수크,디뜨크,뒤서크,비스커,디서커,디스크,비스커,디수크,디쯔크,디트트,디스크,디스커,디스퀴,두스트,디스커,비스커,디스커,디스퀴,뒤서크,두스트,디스커,뒤서크,디스크,디뜨크,두스그,디스크,디스트,디수크,뒤서크,두스트,뒤서크,대뜨크,비스커,디스커,디서커,두스그,디스퀴,3,ㄷ
dynamic,다이내믹,바이내믹,다키내믹,다히내믹,다키내멕,다기매믹,다우너믹,다애내믹,다이네믹,바이내밐,다기내릭,다이내멕,다이니밐,다에내믹,타이내믹,나이내밍,다이내믹,다이너믹,바이너믹,다끼내믹,다이니믹,사이내밐,다이내묵,다이래믹,다이내밍,나이내밍,다이내묵,다이래믹,다이내묵,다기내릭,바이너믹,나이내밍,다이내멕,다히내믹,다이내묵,다이내묵,다이내믹,다이내밍,다이내멕,바이내밐,다키내멕,다이니믹,다이내멕,다기매믹,다이내묵,바이너믹,바이너믹,다이내묵,다이내믹,다이내멕,다이래믹,다애내믹,다이내멕,다이내묵,다키내멕,다이내믹,다이내멕,다히내믹,바이너믹,다이내멕,나이내밍,바이너믹,다이니밐,다이내묵,다키내믹,다이내묵,타이내믹,다이니믹,다이내멕,타이내믹,다이니믹,다이너믹,다이니밐,다기내릭,다이내묵,다끼내믹,다이니밐,다우너믹,다끼내믹,다이내묵,4,ㄷ
easy,이지,에치,히지,키지,우주,기치,이씨,이즈,끼치,기찌,애제,끼지,이지,이제,이시,이찌,이쥐,이치,애찌,이제,이제,우주,우주,이씨,키지,이즈,이제,이즈,기치,이지,애제,에치,이제,이제,애찌,애제,이즈,키지,이제,애찌,우주,이제,우주,이제,애제,이제,이제,우주,애제,기찌,이제,우주,우주,이제,우주,이씨,애제,우주,애제,키지,이시,애찌,키지,이지,애찌,끼지,애찌,이씨,애제,끼치,끼치,이지,이지,끼지,이씨,이지,이제,이씨,기찌,이제,2,ㅇ
eat,이트,끼크,우티,애터,끼트,에트,이트,이크,기스,이스,이뜨,끼스,기크,이튀,기트,이프,애터,끼스,애터,기스,기트,기트,끼스,기스,끼크,기크,에트,끼트,기트,끼크,애터,끼스,우티,에트,에트,끼크,애터,끼트,에트,끼스,에트,끼트,끼스,이크,끼크,기트,끼스,끼스,끼스,끼스,끼스,이크,끼스,기크,끼크,끼트,끼스,끼스,이프,애터,기크,기트,에트,끼스,기트,끼스,끼스,끼크,끼크,끼크,끼스,기트,에트,끼트,끼스,끼스,끼스,끼트,기트,끼스,2,ㅇ
effective,이펙티브,위펳티브,위펙티브,우펙티브,이펳테브,에펙티브,이펭디브,끼폭티브,애멕티브,이펚티비,이펙티부,이펙티브,기펙티브,에펙키브,이벡티브,히펙티브,이펙튀브,이펭티부,이펙티버,애펙티브,이팩티부,우펙티버,이펰태브,이펭티브,우펙티버,이펭디브,이펙티브,우펙티버,이팩티부,이펭티브,우펙티버,우펙티버,이펙티버,우펙티버,이펳테브,위펙티브,이펙튀브,히펙티브,이펭티브,이펙튀브,우펙티버,이펙티버,애펙티브,우펙티버,이펭디브,에펙키브,애펙티브,우펙티버,이펙티버,히펙티브,애멕티브,이펭디브,우펙티버,우펙티버,히펙티브,애멕티브,이펙튀브,이펭티브,에펙티브,이펭디브,이펙티브,우펙티버,애펙티브,이펙튀브,애멕티브,에펙티브,에펙티브,이팩티부,이펭디브,끼폭티브,이팩티부,이펰태브,애멕티브,이펙튀브,우펙티버,이펭티브,에펙티브,이펳테브,이펙티버,이벡티브,4,ㅇ
efficient,이피션트,끼피션티,우피션트,이페션튀,이피션쓰,이푸션크,이삐션트,이프션트,애피션트,이피션트,이미션투,이푸셜트,이티션트,이피션크,이피셜트,히피션트,이피쪈터,이페셜트,이피션티,이푸션트,이피션터,이페셜트,히피션트,이푸션크,이페셜트,이프션트,이피쪈터,이페셜트,이푸션크,이삐션트,이푸션크,이피션터,이푸셜트,이삐션트,이삐션트,이페셜트,이페션튀,이페셜트,이티션트,이피션터,이페셜트,이페셜트,이티션트,이페션튀,이티션트,이피션터,이피션크,이페셜트,히피션트,이피쪈터,이푸션크,이푸션크,이피션터,이티션트,이피션티,이피션크,이프션트,이페셜트,이푸션트,이피션크,이푸션크,이푸션트,이티션트,이미션투,이페셜트,이삐션트,이푸션크,이피션터,이페셜트,히피션트,이페셜트,이삐션트,이삐션트,이삐션트,이피션쓰,이페션튀,이푸션크,히피션트,이푸셜트,이페셜트,4,ㅇ
enable,에네이벌,에니이벌,에네히덜,에메이벌,에네이범,에네이블,에네키덜,에네키벌,에네이덜,애네애벌,에네키뻘,에네끼벌,에네히멀,에네위밸,에네이벌,에레애벌,에메이범,헤네이벌,에내이벌,외네이밸,에네애벌,에네히벌,오네이멀,게네이벌,게네에벌,애네애벌,게네이벌,에네이블,에네이블,외네이밸,에네히덜,에네히멀,게네에벌,에네애벌,에네이블,애네애벌,에니이벌,에네키덜,게네에벌,오네이멀,에네키덜,에레애벌,에네히멀,에네히덜,에네히덜,외네이밸,에네키덜,에네키덜,에네이덜,에네이블,에네키덜,에네이벌,에네히덜,에네이블,에네히덜,에네이블,에네히멀,에내이벌,에네이덜,에네이블,에네이블,애네애벌,게네이벌,에네키덜,애네애벌,애네애벌,에네이블,오네이멀,에네애벌,게네이벌,에네히멀,에네히멀,게네이벌,에레애벌,게네이벌,에네애벌,에니이벌,에네이덜,에네히덜,오네이멀,4,ㅇ
engineering,엔저니링,엔저네릮,앤저니링,엔써니링,온저니링,엘저니링,엔저니닝,엔재니링,켄저니링,헨저니링,엔저네닝,엔처니링,엔저내릉,왼저내링,인저니룽,엔저니링,엔처니렝,엔처니링,엔저내릉,엔저내릉,헨저니링,앤저니링,엔저내릉,온저니링,인저니룽,엔저네릮,엔재니링,엔써니링,엔저니닝,엔저니닝,엔재니링,엔저네릮,헨저니링,엔저니닝,앤저니링,헨저니링,엔처니링,앤저니링,엔처니렝,헨저니링,헨저니링,엔저내릉,앤저니링,엔저니닝,엔저내릉,헨저니링,헨저니링,인저니룽,엔재니링,엔저니닝,인저니룽,엘저니링,앤저니링,엔저내릉,앤저니링,앤저니링,인저니룽,앤저니링,헨저니링,헨저니링,엔저내릉,엔저네릮,인저니룽,엔저니닝,헨저니링,엔처니링,엔저니링,인저니룽,엔저네릮,엔처니링,엔저네릮,엔저내릉,인저니룽,엔저내릉,왼저내링,앤저니링,앤저니링,엔써니링,엔재니링,엔재니링,4,ㅇ
entire,인타이어,인타에어,힌타에어,인타이커,인타애어,임타이으,인타이으,낀타이커,인타이어,긴타이어,일타이어,인파이꺼,인타애거,은타이어,인타키어,인타이애,긴타이꺼,앤타이어,인타으어,임타끼어,인차기어,인카이허,낀타이어,힌타에어,긴타이꺼,인타애거,일타이어,긴타이꺼,인타이어,인파이꺼,긴타이꺼,긴타이꺼,인타애거,인타이커,긴타이꺼,긴타이꺼,인타애거,긴타이꺼,일타이어,긴타이꺼,긴타이꺼,일타이어,인타이애,인타으어,긴타이꺼,인타애거,일타이어,인타이으,인타애거,긴타이꺼,인파이꺼,인타애거,앤타이어,낀타이어,인파이꺼,인타애거,인타애거,인타애거,인타이으,임타끼어,긴타이꺼,인차기어,임타끼어,인타애거,인파이꺼,인카이허,일타이어,인파이꺼,인타애거,앤타이어,임타이으,긴타이꺼,긴타이꺼,인타이커,인타애거,인파이꺼,인타이으,인타이어,인타이커,인타애거,4,ㅇ
entry,엔트리,인트니,인트리,왼트리,엔츠리,엔트뤼,엘트리,껜트르,엔투리,엔트리,엔트니,겐트리,앤트리,켄트리,헨트리,켄터리,껜트리,엔트레,엠투리,엔트미,엔터리,엠트리,엠투리,켄트리,켄트리,엠투리,엠투리,엠투리,엔트뤼,엔트레,인트니,엔트미,엔트미,엔트리,엠투리,켄터리,엔트레,엔트니,엔트니,엔투리,엔트미,엔트리,엔트미,엔츠리,껜트리,앤트리,헨트리,엔트미,엠투리,엠투리,엠투리,엠투리,켄터리,껜트리,엔트니,엔트미,엔츠리,엠투리,엔트레,켄트리,엔트미,켄트리,엔트리,엔츠리,엠투리,헨트리,엔투리,헨트리,엔트니,엠투리,인트니,헨트리,헨트리,엔터리,헨트리,엔투리,엘트리,엘트리,인트리,엔투리,3,ㅇ
exact,이그잭트,우그잮트,이그쟁트,애그잭트,이그잭티,이그짹트,이으잭트,이그잭튀,이그짹튀,이거잭트,이그잭크,이크잭트,키그잭터,이그책트,끼그잭트,이끄잭트,이그젝트,이구짹트,이그잭터,히그쟄트,이크짹트,에그젝트,위그잭트,이그잭트,이으잭트,이거잭트,에그젝트,이구짹트,이거잭트,이으잭트,끼그잭트,위그잭트,이그잭티,이거잭트,이그쟁트,이그쟁트,이그쟁트,이구짹트,우그잮트,히그쟄트,이거잭트,이그짹튀,위그잭트,위그잭트,위그잭트,이크잭트,이그젝트,우그잮트,이그책트,우그잮트,우그잮트,이그짹튀,이구짹트,위그잭트,에그젝트,이구짹트,에그젝트,에그젝트,우그잮트,이구짹트,이구짹트,이구짹트,끼그잭트,이끄잭트,끼그잭트,위그잭트,이끄잭트,끼그잭트,끼그잭트,이그잭튀,우그잮트,이그젝트,우그잮트,위그잭트,에그젝트,이끄잭트,끼그잭트,위그잭트,위그잭트,위그잭트,4,ㅇ
execute,엑써규트,엑써휴트,엨쓰규트,엑써규튀,엑쓰규트,엑써유크,액써규트,엑쌔규터,엑써규크,켁써뀨트,엑쌔규트,엨써규트,엑써뀨트,왹써유트,엑써유튀,엑더규트,엑써규트,엑서규트,헥써규트,겍써규트,엑써뀨트,엑써규튀,엑써규튀,엑쌔규터,엑써규튀,엑쌔규터,엑써유튀,엑써유튀,엑쌔규터,엑써뀨트,엨쓰규트,엑써규튀,액써규트,엑서규트,켁써뀨트,엑써뀨트,엑써유튀,액써규트,엑써규튀,엑쓰규트,액써규트,엑써규튀,엑쌔규트,엑써규튀,엑써규튀,엑서규트,액써규트,엑써휴트,엑써규튀,엑써유튀,엑써휴트,엑서규트,엑쓰규트,겍써규트,엑쌔규터,엨쓰규트,엑쌔규터,엑써유튀,엑쓰규트,액써규트,엨써규트,엑써규튀,엑써휴트,엨쓰규트,엑써규튀,엑쌔규터,엑써규튀,켁써뀨트,액써규트,엑써규튀,엑쓰규트,엨쓰규트,액써규트,겍써규트,엑써규튀,엨쓰규트,엨쓰규트,엑써규크,켁써뀨트,엑써규튀,4,ㅇ
execution,엑써규션,왹써규뗜,엒써유션,껙쩌규션,왹써규션,옥써규션,엑쩌규션,액써규션,엑더규션,엑써유션,겍써규셜,엑쩌규셜,엑써규션,엑쌔규쪈,엑써규셤,엒써규션,엑써큐션,엑터규션,엑쓰규션,껙쌔규션,겍써규션,엑서뀨션,엒써규션,엑쩌규션,왹써규뗜,왹써규뗜,엑써큐션,엒써규션,엑쓰규션,엑써큐션,엒써유션,옥써규션,왹써규뗜,엒써규션,옥써규션,엑써큐션,옥써규션,옥써규션,엑쩌규션,엑서뀨션,엑쩌규션,엒써유션,왹써규뗜,엒써규션,옥써규션,엒써유션,엑더규션,옥써규션,왹써규션,왹써규뗜,엑쓰규션,엑쩌규션,옥써규션,엑써큐션,왹써규션,엒써유션,엑터규션,옥써규션,엒써규션,엑쩌규션,엑써유션,엒써규션,엑써큐션,엑써큐션,엒써규션,엑쩌규션,엑써규셤,옥써규션,엑쓰규션,엒써유션,엒써유션,왹써규뗜,겍써규셜,엒써유션,엒써유션,엒써유션,엒써유션,엒써유션,엒써유션,엒써규션,4,ㅇ
expensive,익쓰펜시브,액쓰펜시브,익쓰펜시드,익쓰펜수부,읶쓰팬시브,익쓰멘시브,익쓰펜시브,익쓰펜찌브,익트펜시브,익쓰펜시버,익쓰폰시브,긱쓰펜시브,익스푄시브,액쓰팬시브,익쓰펜디브,익쓰푄시브,잌쓰펜시브,잉쓰펜시브,익쓰팬시브,힉쓰켄시브,익쓰펠시버,엑쓰펜시브,욱쓰펜시뷔,익쓰펜시므,익트펜시브,읶쓰팬시브,읶쓰팬시브,읶쓰팬시브,익쓰폰시브,익쓰폰시브,익쓰멘시브,읶쓰팬시브,액쓰팬시브,익쓰펜찌브,익쓰멘시브,익쓰펠시버,익쓰펜시므,익쓰펜찌브,읶쓰팬시브,익쓰펜시브,익트펜시브,익쓰펜찌브,엑쓰펜시브,엑쓰펜시브,엑쓰펜시브,익쓰펠시버,익트펜시브,긱쓰펜시브,익쓰펜찌브,익쓰펜시브,액쓰팬시브,익쓰멘시브,액쓰펜시브,익스푄시브,익쓰펜시버,익트펜시브,엑쓰펜시브,읶쓰팬시브,익트펜시브,엑쓰펜시브,익쓰펜수부,익트펜시브,익쓰펜시버,긱쓰펜시브,익쓰펜시브,익쓰폰시브,익쓰폰시브,익스푄시브,익쓰폰시브,액쓰팬시브,액쓰펜시브,익트펜시브,엑쓰펜시브,엑쓰펜시브,익트펜시브,읶쓰팬시브,익트펜시브,익쓰팬시브,익쓰펠시버,익쓰펜시버,5,ㅇ
extension,익쓰텐션,끽써텐션,긱쓰첸션,익쓰텐쪈,읶쓰텐션,익즈텐션,욱쓰텐쳔,윅쓰텐션,익스텐션,익쓰첸션,윅쓰쎈션,긱쓰텐션,익써텐션,킥쓰텐셤,익쯔텐션,익쓰텐션,힉쓰텐션,익쓰퇸션,익쓰센션,킥쓰텐션,익쓰톤션,액즈텐션,끽즈텐션,익쒸텐션,익쓰뗀션,잏쓰텐션,끽즈텐션,익즈텐션,익스텐션,익스텐션,익쓰뗀션,익쓰첸션,끽즈텐션,윅쓰텐션,익스텐션,긱쓰첸션,익즈텐션,끽써텐션,욱쓰텐쳔,익스텐션,킥쓰텐션,액즈텐션,액즈텐션,익써텐션,욱쓰텐쳔,익즈텐션,킥쓰텐셤,액즈텐션,끽써텐션,끽써텐션,윅쓰텐션,잏쓰텐션,익쓰뗀션,익쓰퇸션,익즈텐션,익스텐션,익쓰텐쪈,윅쓰텐션,익즈텐션,킥쓰텐셤,윅쓰텐션,윅쓰텐션,익스텐션,익쯔텐션,킥쓰텐션,힉쓰텐션,익즈텐션,익스텐션,익스텐션,욱쓰텐쳔,익즈텐션,익쓰센션,익쓰텐션,끽즈텐션,윅쓰텐션,욱쓰텐쳔,익스텐션,익스텐션,익스텐션,긱쓰텐션,4,ㅇ
external,익쓰터널,익쓰터럴,잏트터널,익뜨태널,익스터널,익쓰커널,윽쓰트널,익쑤커널,익즈터널,읶쯔터널,익스터넌,익쓰터늘,잌쓰터널,익쒸터널,잌써터널,잌츠터널,끽쓰터널,윽쓰터널,잏쓰터널,익쓰터넘,익쯔터널,익씨터널,익쓰터널,익쑤커널,익쓰터넘,익쑤커널,윽쓰터널,익쑤커널,익씨터널,익쒸터널,잌츠터널,익쑤커널,익쓰터럴,익쑤커널,익스터넌,익씨터널,익스터넌,윽쓰터널,잌써터널,익쒸터널,익씨터널,잏트터널,익씨터널,익스터넌,익쓰터럴,익쑤커널,윽쓰트널,익씨터널,익쑤커널,익쓰터넘,익씨터널,익쓰터럴,익뜨태널,익씨터널,익쓰터늘,익쓰터넘,익스터널,읶쯔터널,끽쓰터널,익씨터널,잏트터널,잏쓰터널,잏쓰터널,익쑤커널,끽쓰터널,익쓰터럴,익씨터널,잌써터널,익쑤커널,익씨터널,끽쓰터널,익씨터널,익씨터널,읶쯔터널,익쑤커널,익씨터널,끽쓰터널,잌쓰터널,익씨터널,끽쓰터널,4,ㅇ
fast,패스트,패스티,해즈트,패시뜨,패서티,페츠트,피스터,패수프,패쉬트,패서튀,매스트,퍼스트,패스크,패쓰트,페스트,패스트,패수트,패스튀,캐스트,패스투,해스트,패서트,페츠트,패스티,패스튀,패서트,패스크,패스크,해즈트,패스트,패스트,패스크,패스크,패스크,해스트,패스크,페스트,패스트,패스트,패스튀,패스크,패스크,패서티,패스크,패스크,해스트,해스트,페스트,패스티,패스크,패스투,패쉬트,해스트,패스투,패스투,패스트,페츠트,패서튀,패스티,패스투,해스트,페스트,패서티,해스트,패서티,해즈트,패스트,패스크,패스튀,패스티,패스트,해스트,패수프,패스크,해스트,패서튀,패스트,패스크,패서티,패쉬트,3,ㅍ
first,퍼스트,패스트,퍼쯔츠,허스트,퍼츠트,퍼스츠,퍼서트,프스튀,패스튀,프즈트,터스크,퍼스티,퍼스트,퍼스프,퍼서크,퍼스터,퍼스티,퍼스터,퍼쯔츠,퍼스터,프즈트,퍼쯔츠,퍼서트,프스튀,퍼스터,퍼스터,퍼쯔츠,프스튀,프스튀,퍼스터,퍼스터,퍼츠트,프즈트,퍼스터,퍼서트,퍼스티,퍼서크,프스튀,퍼스티,프스튀,퍼스프,퍼스티,퍼스터,퍼스프,퍼스터,프스튀,프스튀,퍼스티,퍼스터,프즈트,프즈트,퍼스티,퍼스프,퍼서트,퍼쯔츠,프스튀,프스튀,허스트,프스튀,프스튀,퍼쯔츠,퍼스츠,퍼스프,프스튀,퍼스프,프스튀,퍼스터,퍼스프,퍼쯔츠,퍼스티,프즈트,프스튀,퍼츠트,퍼쯔츠,프즈트,퍼스프,프스튀,프즈트,퍼쯔츠,프즈트,3,ㅍ
first fit,퍼스트 핃,터스트 핐,터스투 핃,퍼스트 픋,프스터 핃,패스트 핃,퍼스투 핃,퍼스트 핐,퍼스츠 핃,퍼서트 핃,프쓰트 핃,터스트 핃,퍼스트 핃,퍼스터 핃,퍼스트 핕,퍼드터 핃,패스투 핃,프스트 퓓,퍼스트 펟,프드트 핃,프서트 핃,퍼스트 푿,퍼스크 틷,프스트 픋,커스트 핃,프드트 핃,퍼스트 픋,퍼서트 핃,프스터 핃,퍼스터 핃,프서트 핃,터스트 핃,퍼스트 픋,퍼스트 픋,퍼스트 핕,퍼스트 픋,퍼서트 핃,프쓰트 핃,퍼스트 핕,프스터 핃,퍼스트 픋,프쓰트 핃,퍼스트 픋,퍼스터 핃,퍼스크 틷,터스트 핃,퍼스크 틷,프드트 핃,퍼스트 픋,커스트 핃,퍼스트 픋,프쓰트 핃,터스투 핃,터스트 핐,프스트 픋,퍼스터 핃,프스터 핃,퍼스터 핃,프스터 핃,퍼스투 핃,터스트 핃,터스투 핃,퍼스트 핕,프드트 핃,프스트 픋,퍼스크 틷,프스터 핃,퍼드터 핃,퍼스크 틷,프드트 핃,퍼스트 핐,퍼스트 픋,프스트 픋,퍼서트 핃,퍼스트 핐,프스트 픋,패스투 핃,퍼스터 핃,퍼스트 핕,퍼스트 핐,5,ㅍ
fixed,픽쓰트,픽뜨트,픽쓰터,픽트튀,픽쓰트,킥쓰트,핑쓰터,픽써트,핔쓰터,힉쓰츠,픽쓰뜨,픅씨트,픽쓰티,픾쓰트,펙쓰트,힉쓰트,픽쯔투,퓍쓰크,픽쓰투,픽써터,픾츠트,킥써트,믹츠트,픽트튀,믹츠트,펙쓰트,픽뜨트,픾쓰트,픽트튀,픽쓰티,픅씨트,픽트튀,픽트튀,픽트튀,킥써트,킥써트,픽써트,힉쓰츠,픽트튀,픽트튀,픽써트,픾쓰트,픽쓰티,힉쓰트,펙쓰트,픽써트,킥써트,믹츠트,픽쓰티,픽써터,핑쓰터,핑쓰터,픽뜨트,픽트튀,힉쓰트,힉쓰트,픽써트,킥써트,핑쓰터,픽써트,힉쓰트,픽트튀,픽뜨트,퓍쓰크,픽뜨트,픽뜨트,픽트튀,핑쓰터,픽뜨트,힉쓰트,킥써트,힉쓰트,킥써트,핔쓰터,픽트튀,픾쓰트,픽트튀,픽트튀,픽쓰티,픽트튀,3,ㅍ
flexible,플렉써벌,플뢱써벌,플렉저밸,픔렉쌔벌,펄렉처벌,플릭쌔벌,퓔릭써벌,플렉써펄,플렝쓰벌,픔렉쓰벌,플멕써블,플렊써벌,풀렉써블,플렝써밸,플렉써블,플렉처벌,플렉떠벌,플렉써벌,플렉써밸,플록써벌,플넥쌔벌,플렊써벌,플렉써밸,플렉써펄,플넥쌔벌,플렉떠벌,플넥쌔벌,플뢱써벌,플멕써블,플렝쓰벌,플뢱써벌,플렉써밸,플렊써벌,플렉써밸,플뢱써벌,플릭쌔벌,픔렉쓰벌,플넥쌔벌,플뢱써벌,픔렉쓰벌,플렝쓰벌,플록써벌,펄렉처벌,픔렉쓰벌,플렉써펄,플렉써펄,플멕써블,플렉써밸,플렉써밸,플렉떠벌,플릭쌔벌,플멕써블,플멕써블,플뢱써벌,플렝써밸,펄렉처벌,플릭쌔벌,플렉써벌,플넥쌔벌,플렉써밸,플렉떠벌,플릭쌔벌,픔렉쓰벌,플렊써벌,플록써벌,플록써벌,플렝쓰벌,플렉써펄,플렉써벌,픔렉쌔벌,픔렉쓰벌,플멕써블,플렉써블,플릭쌔벌,풀렉써블,풀렉써블,플멕써블,플렉써펄,플멕써블,플렉써펄,4,ㅍ
flush,플러시,플러디,플머시,플너시,플래시,플러수,흘러시,펄러시,픈러시,플러세,플러띠,펄러수,플러쉬,플러시,믈러시,클러시,픔러새,플래세,플러씨,픔러시,픔러시,펄러수,픔러시,펄러수,펄러수,펄러수,플래시,플래시,플래시,플러씨,펄러수,플러띠,펄러수,펄러수,플러시,픈러시,플러띠,플러쉬,플러띠,플래세,플러수,플러띠,믈러시,펄러수,펄러시,플러씨,플러세,플래시,플러수,펄러수,플러시,플러세,플러디,플러시,펄러수,플러띠,플러디,플러시,픔러시,펄러수,플래시,믈러시,플러씨,플래시,펄러수,픈러시,펄러시,플래시,플래시,플래시,플래시,펄러수,플래시,믈러시,플래시,플러디,믈러시,펄러시,믈러시,플러수,3,ㅍ
fn,에프엔,애프엠,에퍼엔,에흐엔,헤프엔,케프엔,이프켄,애프엔,에프엠,게퍼엔,헤퍼엔,에브앤,에프온,에프껜,애므엔,에프엔,에프켄,에크겐,에프앤,외프왼,게쁘엔,게프엔,께쁘엔,케프엔,게쁘엔,에프켄,헤퍼엔,에프껜,에프앤,애프엠,에크겐,에크겐,헤퍼엔,애프엔,애프엔,게쁘엔,에프켄,헤퍼엔,헤퍼엔,케프엔,에프켄,에프껜,애프엔,애프엠,에프껜,게쁘엔,헤퍼엔,게쁘엔,게쁘엔,게쁘엔,에프껜,헤프엔,헤퍼엔,애프엔,에프켄,애프엔,애프엠,헤퍼엔,에크겐,에프켄,헤퍼엔,에크겐,에프껜,게쁘엔,에크겐,애프엠,헤퍼엔,에프껜,에프껜,에프껜,게퍼엔,게쁘엔,헤퍼엔,에프켄,애프엠,게쁘엔,에프온,애프엠,에프껜,게쁘엔,3,ㅇ
format,포맫,뽀맫,푸맫,푀먿,푀맫,페먿,포맫,코믿,호먿,토밷,호맫,포팯,포맵,페맵,토맬,포뺃,포맨,포먿,푸팯,푸밷,푸맨,포맸,토낻,보랟,뽀맫,포맨,페먿,페먿,포맫,호먿,페먿,코믿,토밷,포맵,뽀맫,페먿,페먿,포맨,호맫,페먿,호먿,푸맫,호먿,포맫,포맨,포뺃,페맵,코믿,페먿,푸밷,푀맫,포맨,페먿,포맫,호맫,포맫,페먿,페먿,뽀맫,푀맫,페맵,포맫,코믿,포맨,포맫,푸맨,포맵,토밷,푸밷,뽀맫,포맫,포맫,호맫,푸맫,호먿,포맸,뽀맫,코믿,페먿,푀맫,2,ㅍ
four level,포 레벌,푸 리벌,포 네벌,호 네벌,호 래벌,포 레벌,토 레벌,포 레펄,포 메벌,호 레벌,포 레블,포 레범,호 레번,포 리벌,포 뢰벌,포 레덜,포 레밸,포 레범,포 레펄,포 레범,토 레벌,포 레덜,포 레펄,호 레번,호 레벌,푸 리벌,토 레벌,포 네벌,포 레범,호 레번,호 레번,토 레벌,포 레덜,포 레펄,포 레범,호 레번,포 레펄,포 메벌,호 래벌,포 레덜,푸 리벌,포 레범,포 레덜,포 레펄,포 레벌,포 레범,포 뢰벌,포 네벌,포 뢰벌,포 레덜,포 레덜,포 레벌,포 레덜,호 레번,호 래벌,호 레번,포 네벌,포 레벌,호 래벌,포 레덜,호 래벌,토 레벌,포 뢰벌,포 레범,포 레범,포 레덜,포 레범,푸 리벌,포 레펄,포 레펄,포 레덜,호 네벌,포 레펄,포 네벌,포 레덜,포 네벌,포 레벌,푸 리벌,푸 리벌,호 레번,4,ㅍ
fraction,프랙쎤,프렉쎤,퍼맥쎤,프랙쪈,피랙쎤,흐랙쎤,흐랰쎤,크랭쎤,프랰쎤,프랙텬,프럭쎤,쁘랙쎤,크랰쎤,프랙젼,퍼랙쎤,프맥쎤,프랙쎤,트럭쎤,프랙뎐,프랙뗜,프랙쎰,프랳쎤,퍼랙쎰,프랙텬,프랙쎰,프랙뗜,프랙뗜,프럭쎤,프럭쎤,프랳쎤,크랰쎤,크랭쎤,프럭쎤,크랭쎤,프럭쎤,프랙쎰,프랳쎤,프렉쎤,프렉쎤,퍼랙쎤,크랰쎤,프랙텬,프럭쎤,프럭쎤,트럭쎤,프럭쎤,쁘랙쎤,프럭쎤,프랙쪈,프럭쎤,트럭쎤,크랭쎤,프랙뗜,크랰쎤,프랙텬,프럭쎤,크랭쎤,프랙쎤,프렉쎤,프랙뗜,프랳쎤,프랙텬,프랙젼,쁘랙쎤,프랙젼,쁘랙쎤,트럭쎤,프렉쎤,프럭쎤,피랙쎤,프럭쎤,프랙쎰,트럭쎤,프럭쎤,프랙쪈,피랙쎤,프랳쎤,퍼맥쎤,프럭쎤,프랙젼,3,ㅍ
fragmentation,프래그먼테이션,프래그먼테히션,프래그먼테이쎤,프래그먼테으션,프래끄맨테이션,프래그먼테애션,프리그먼테이션,프래그펀테이션,프래그먼테에션,프래거먼테이션,프래끄먼테이션,프리그먼테히션,프래귀먼테이션,프래그넌테이션,프래그멀테이션,프레그먼테으션,프래그먼테키뗜,흐래그먼테이션,프래그뻔테이션,프래그먼테이션,프레그먼테이션,프내그맨테이션,프래그펀테이션,프래그먼테키뗜,프래그먼테키뗜,프레그먼테이션,프래그먼테으션,프래그멀테이션,프래그먼테에션,프레그먼테으션,프레그먼테으션,프레그먼테으션,프리그먼테이션,프래끄맨테이션,프래그먼테에션,프래그먼테이션,프래그먼테에션,프래그먼테이쎤,프래그뻔테이션,프래그먼테으션,프레그먼테으션,프래그먼테애션,프리그먼테이션,프레그먼테으션,프리그먼테이션,프래그먼테히션,프래그멀테이션,프래귀먼테이션,프래그먼테에션,프리그먼테이션,프래그펀테이션,프래거먼테이션,프래그먼테에션,프래그멀테이션,프래그먼테키뗜,프래끄맨테이션,프레그먼테으션,프래거먼테이션,프래끄먼테이션,프래귀먼테이션,프래그먼테키뗜,프래끄먼테이션,프래그먼테키뗜,프래그뻔테이션,프리그먼테이션,프리그먼테이션,프레그먼테이션,프래그먼테애션,프래그먼테키뗜,프래끄맨테이션,프래그멀테이션,프래그먼테으션,프래그멀테이션,프래그먼테키뗜,프레그먼테으션,프래그먼테으션,프래끄먼테이션,프래그멀테이션,프리그먼테이션,프레그먼테으션,7,ㅍ
frame,프레임,피로임,퍼로임,프리음,프레낌,프레잎,프레앰,프레인,프레킴,푸레임,프레움,흐로임,프리임,프레임,퍼레임,크레임,프레힘,프래임,퍼뢰임,프메임,퓌레김,퓌리임,프레김,프래임,크레임,프리음,프레낌,크레임,프레잎,퓌레김,프래임,프레임,크레임,프레낌,크레임,프래임,크레임,퍼레임,프레잎,프레낌,프레킴,프래임,퍼레임,퍼레임,프리음,퍼레임,프리음,크레임,퍼로임,프리음,크레임,크레임,크레임,크레임,프레잎,프리음,퓌레김,크레임,프레킴,퓌레김,프레임,프레움,크레임,크레임,프레킴,프메임,푸레임,퓌레김,퓌레김,크레임,퍼로임,프레움,퓌레김,프리음,프메임,프래임,크레임,프레낌,프레잎,프레낌,3,ㅍ
free,프리,퍼리,브레,브리,퍼미,트레,흐미,퓌리,흐리,퓌르,프뤼,프니,프미,피리,퓌레,퍼레,프래,프리,프뤼,퍼레,퍼미,퍼미,퍼미,프니,프뤼,프니,프니,흐미,프리,프래,퍼미,퍼레,브리,브리,프니,프뤼,프뤼,퍼리,퍼레,프미,프미,퍼미,프미,흐미,퍼레,트레,흐리,퍼리,퓌리,프미,퍼미,프미,퍼레,프니,피리,퓌레,흐미,퍼레,프니,퍼미,퍼미,프미,프미,퓌리,퍼미,퍼미,퓌리,프미,트레,흐미,프미,퍼리,브레,프뤼,트레,퍼레,퍼레,프미,퍼미,퍼레,2,ㅍ
func,에프유엔씨,애프유엔씨,께퓌유엔씨,에피유켄씨,에프유엔씨,에크유엔씨,에프유엔쑤,에피유엔씨,에퍼큐엔씨,에퍼유엔씨,외프유엔찌,에프유엔쎄,께프유켄씨,에프유엠씨,헤프유엔씨,에프뀨엔찌,에프유헨씨,에프유인씨,에프유엔쒸,에프유엔티,에푸유엔씨,애프뀨엔씨,에프유엔쑤,외프유엔찌,에프유엔티,께프유켄씨,에프유엔쑤,에프유엔쑤,에피유켄씨,에프유엔티,에프유엔티,에프유엔쑤,에프유헨씨,헤프유엔씨,에푸유엔씨,에피유엔씨,에프유인씨,에프유엔씨,에프유헨씨,에피유켄씨,헤프유엔씨,헤프유엔씨,에프유엔티,에프유엔티,에프유엔쑤,에프유인씨,에푸유엔씨,에프유엔티,에프유엔티,에프유엔쑤,에피유엔씨,에프유엔쑤,에피유엔씨,에프유엔씨,에퍼큐엔씨,헤프유엔씨,에프유헨씨,헤프유엔씨,에프유엔티,에퍼유엔씨,에프유엔쎄,에프유엔쑤,에퍼큐엔씨,에퍼유엔씨,에프유엔티,에프유엔티,에프유헨씨,에프유엔쑤,에퍼큐엔씨,에푸유엔씨,에프유엔씨,에프유헨씨,에피유켄씨,에피유엔씨,에프유엔쑤,에프유엔쑤,외프유엔찌,에프유헨씨,에프유헨씨,에프유헨씨,5,ㅇ
get,겓,켇,갣,겓,곧,괻,겠,겥,엗,헫,껟,겔,겝,겟,겐,긷,괻,겓,겐,켇,긷,괻,겠,겠,겠,겝,긷,겠,긷,켇,긷,엗,겝,겔,겠,긷,겠,긷,겠,켇,켇,긷,겥,엗,겐,겠,겓,엗,겥,겠,겠,겐,겥,켇,겝,겥,긷,겠,겠,겝,겠,껟,겓,겠,긷,겥,겟,긷,겐,겓,켇,겓,켇,겐,긷,겥,겝,겥,겠,긷,1,ㄱ
handful,핸드풀,헌더풀,핸드쿨,핼드풀,헨드퓔,헨더풀,헨드풀,헌드풀,힌드풀,핸드뿔,핸뒤훌,핸드훌,핸드불,햄드풀,핸드풀,핸드폴,앤드푼,핼트풀,핸브풀,핸느푼,핼뒤풀,햄드풀,핸드폴,앤드푼,핸뒤훌,헌더풀,앤드푼,핸드폴,핸뒤훌,헌드풀,헌드풀,핸드불,핸드폴,핸드폴,핼뒤풀,핸뒤훌,핸드쿨,헌드풀,핸드쿨,핼드풀,헌더풀,핸브풀,헌더풀,핸드폴,핸브풀,핸느푼,앤드푼,핸드쿨,앤드푼,힌드풀,핸드불,핸드불,헌드풀,핸드불,핸드쿨,핸드폴,핸드훌,헌드풀,헨드퓔,핸뒤훌,햄드풀,핸드쿨,헨드퓔,핸드훌,헨드퓔,헨드퓔,힌드풀,핸드불,핸드폴,핸드폴,앤드푼,핸드쿨,핸드쿨,헌드풀,앤드푼,핸드쿨,핸뒤훌,핼뒤풀,헌드풀,헌드풀,3,ㅎ
handling,핸들링,핼들링,핸덜릭,헌를링,핸뒬링,헌들릮,핸들링,핸들맄,핸들렝,깬들링,핸들릉,캔들링,핸덜링,햄들링,핸쓸링,핼들렝,헌들링,핸들랭,핸블링,핸딜링,핸들릮,핸틀링,핸뒬링,핸블링,핸들릮,핸뒬링,핸덜링,핸딜링,깬들링,핸들렝,핸들릉,햄들링,핸쓸링,핸틀링,핸들릮,핸들릮,캔들링,핸딜링,핸덜릭,헌를링,핸들렝,핸들랭,헌를링,핸덜릭,햄들링,햄들링,핸덜릭,햄들링,핸뒬링,핸들랭,햄들링,핸딜링,캔들링,핸쓸링,핸쓸링,핸뒬링,핸뒬링,핸들렝,핸들릮,핸들릮,햄들링,헌를링,깬들링,핸블링,핸블링,깬들링,캔들링,핸들릮,캔들링,핸들렝,핸들렝,핸뒬링,캔들링,핸쓸링,핸쓸링,헌를링,핸쓸링,핸들랭,핸뒬링,핸들릮,3,ㅎ
hardware,하드웨어,하드웨으,하브웨어,하쓰웨어,하드퀘커,하드퀘어,하드웨꺼,하드웨허,하트웨어,가드웨어,하더웨거,하드웨애,하드웨거,카드웨어,하드웨어,하두웨어,하드꿰어,하뒤웨어,하드훼어,아드웨어,하더웨어,하드꿰꺼,하더웨어,하드웨거,하드웨꺼,가드웨어,하더웨어,하브웨어,아드웨어,하드웨애,하드훼어,하브웨어,하두웨어,하트웨어,하브웨어,하드웨꺼,하드웨애,하더웨어,하드꿰어,하더웨어,하드웨꺼,카드웨어,하브웨어,하드웨거,하드웨꺼,하드웨애,하드웨꺼,하드꿰어,하더웨어,하드웨꺼,하더웨어,하브웨어,하드퀘어,하드꿰어,하드꿰어,하드웨꺼,하더웨어,하두웨어,하더웨어,하드웨꺼,하드꿰어,하드웨애,하드웨애,가드웨어,하두웨어,하두웨어,하드훼어,하두웨어,하드꿰어,하드훼어,하드웨애,하드웨꺼,카드웨어,하드웨애,하드웨어,하드꿰어,하드웨꺼,하드웨꺼,하드꿰꺼,하드꿰어,4,ㅎ
hardware defined,하드웨어 디파인드,하드웨으 디파인드,하드웨꺼 디파인더,하드웨어 디파인드,하드웨어 데파인드,하드웨어 리파인드,하드웨어 디하인드,하드웨애 디파인드,하드웨어 디파인더,하드웨어 디파운드,하드웨어 데파인느,하드웨어 디파은드,하드웨어 두파인드,하르웨어 띠파인드,하느웨어 디파인드,하드꿰어 디파인드,하드웨어 대빠인드,하드꿰어 디바인드,하드웨거 디파인드,하드웨어 대파인드,하드웨커 디파인드,하드웨어 데파인느,하드웨어 대파인드,하드웨거 디파인드,하드웨어 리파인드,하드웨어 대파인드,하드웨어 대파인드,하드웨어 대파인드,하드웨어 두파인드,하드웨애 디파인드,하드웨어 디파인더,하드웨애 디파인드,하드웨어 두파인드,하드웨어 대파인드,하드웨어 두파인드,하드웨애 디파인드,하드웨어 디파인드,하드웨애 디파인드,하느웨어 디파인드,하드웨애 디파인드,하느웨어 디파인드,하드웨어 대파인드,하드웨어 두파인드,하드웨어 디하인드,하드웨커 디파인드,하드웨어 대파인드,하드웨거 디파인드,하드웨커 디파인드,하드웨어 디파인더,하드웨애 디파인드,하느웨어 디파인드,하드웨어 디파인더,하드웨애 디파인드,하드꿰어 디바인드,하드웨애 디파인드,하드웨어 두파인드,하드웨어 리파인드,하드웨어 디파인더,하드웨어 대파인드,하드웨어 대빠인드,하드웨어 디파인더,하드웨어 두파인드,하드웨어 리파인드,하드웨어 디파인더,하드웨애 디파인드,하드웨어 대파인드,하드웨거 디파인드,하드웨애 디파인드,하느웨어 디파인드,하드꿰어 디파인드,하드웨애 디파인드,하드웨어 디파인더,하드웨애 디파인드,하드웨어 두파인드,하느웨어 디파인드,하느웨어 디파인드,하드꿰어 디파인드,하드웨애 디파인드,하드웨어 대파인드,하드웨어 디파인드,9,ㅎ
heap,히프,기흐,히브,끼푸,히퓌,히퍼,히푸,히피,히프,후프,해므,휘퓌,후크,후므,헤프,히므,헤퍼,히퍼,히므,히피,히피,헤프,히므,히피,히브,히푸,히퓌,휘퓌,히퍼,끼푸,히므,히푸,헤프,헤퍼,해므,히피,히므,휘퓌,히므,후므,휘퓌,히퍼,히푸,히피,히므,기흐,히피,휘퓌,히피,히피,히퓌,히퓌,헤프,히므,기흐,히퓌,히퍼,후므,히므,히므,히므,히므,히브,히브,히므,히프,휘퓌,히퍼,히므,히퍼,히퓌,기흐,히퍼,히피,히므,후므,휘퓌,히푸,기흐,기흐,2,ㅎ
hierarchical,하이라커컬,하기라캐컬,하애라커컬,하이라허컬,하히라커컬,하애라커컨,하이라커걸,하이라커클,까이라커캘,아이라커컬,하이라커털,까이라커컴,하이라커컬,하이라터컬,하기라커컬,하이라커헐,하이라퍼컬,하이라퍼컬,하이라퍼컬,하이라커헐,까이라커컴,하애라커컨,하이라커헐,하이라퍼컬,까이라커컴,까이라커컴,까이라커컴,하이라퍼컬,하애라커컬,하이라퍼컬,하기라커컬,하이라커클,까이라커컴,하이라퍼컬,까이라커컴,까이라커컴,까이라커컴,하애라커컨,하애라커컬,하애라커컬,하기라커컬,하애라커컬,까이라커캘,하이라커컬,하애라커컬,까이라커컴,하이라터컬,까이라커컴,하이라터컬,하이라커클,하애라커컨,하이라퍼컬,하이라퍼컬,까이라커컴,하이라커컬,하이라퍼컬,하애라커컬,하이라허컬,까이라커컴,하이라커헐,까이라커컴,하애라커컬,하이라커컬,하이라커클,하이라퍼컬,하이라퍼컬,하애라커컨,하이라커털,까이라커컴,하애라커컨,까이라커컴,까이라커컴,까이라커컴,하애라커컬,하이라커클,하히라커컬,하이라커컬,하애라커컬,하이라커컬,까이라커컴,5,ㅎ
hierarchy,하이어라키,하으어라키,하에어라기,하끼어라키,하이어라티,하이어라케,하이어라키,하애어라키,카이어라키,하우어라키,하이으라키,하이어라퀴,하이애라키,하키어라키,하에어라키,하애어라키,하키어라키,하이으라키,하으어라키,하이어라케,하이어라케,하이어라케,하애어라키,카이어라키,하우어라키,하이어라티,하으어라키,하이어라케,하이어라키,하으어라키,하이어라키,하이어라케,하이어라키,하우어라키,하이어라케,하이어라키,하에어라기,하끼어라키,하이어라케,하이어라케,하에어라키,하이어라키,하으어라키,하에어라키,하이으라키,하이어라케,하이애라키,하에어라기,하이으라키,하이어라키,하이으라키,하에어라기,하에어라기,하이어라케,하이어라케,하이어라키,카이어라키,하애어라키,하이어라키,하이어라케,카이어라키,하이애라키,하에어라키,하이어라키,하이어라케,하이어라키,하이어라키,하이어라케,하키어라키,하이어라키,하이어라케,하으어라키,하이어라키,하이어라케,하이어라케,하에어라키,하에어라키,하이애라키,하이어라티,하애어라키,5,ㅎ
hit,힏,힏,휟,힜,읻,낃,힌,힙,헫,핻,훋,힐,긷,흗,휟,흗,휟,흗,긷,읻,휟,힌,흗,힌,힙,핻,힜,힙,힜,휟,힌,힌,힌,힌,힜,긷,힌,휟,힌,힌,헫,힌,휟,힌,읻,힌,힙,힌,흗,휟,힜,낃,긷,힌,훋,힜,휟,힜,힜,힜,읻,힌,훋,읻,휟,힌,휟,읻,흗,읻,힜,휟,긷,힙,힌,휟,힜,훋,힌,힜,1,ㅎ
hole,홀,콜,홀,횔,훌,홈,혼,헬,올,골,꼴,횔,훌,홈,골,횔,홈,홀,헬,홈,헬,혼,헬,횔,홈,홈,혼,헬,횔,골,혼,홈,꼴,홈,홈,횔,횔,골,홈,훌,횔,헬,홈,홈,헬,홀,횔,홀,훌,홈,홈,혼,홀,홈,훌,헬,홀,꼴,홀,골,홀,횔,혼,홈,홈,홀,혼,횔,홈,홈,혼,헬,홀,꼴,올,횔,횔,헬,훌,골,1,ㅎ
hot,하트,하티,아트,하터,하프,하튀,하트,하크,하터,하튀,하티,하튀,하터,하터,하튀,하터,하튀,하튀,하크,하터,하터,하트,하튀,하터,하튀,하터,하터,하터,하튀,하프,하튀,하크,하터,하터,하터,하티,하크,하터,하튀,하튀,하튀,하터,하트,하터,하튀,하트,하튀,하터,하터,하트,하티,하튀,하터,하터,하터,하트,하트,하터,하터,하트,하튀,하트,하터,하터,하터,하터,하터,하터,하튀,하터,하터,하튀,하터,하터,하티,아트,하터,하터,하터,하터,2,ㅎ
hybrid,하이브러드,하키브러드,하으브래드,하이브래드,하이므러드,하이브러디,하히브머드,하끼브러드,하이브러드,하이브러더,하에브러드,하에므러드,하이쁘머드,하이쁘러드,하이버러뜨,하이브러브,하히쁘러드,하이부러드,하이브래쓰,하이브러뜨,가기브러드,하이부래드,가위브러드,카기브러드,하에브러드,하이부래드,하에므러드,하이브러브,하이부러드,하이브래드,하이부러드,하이부래드,카기브러드,하이부래드,하끼브러드,하이부래드,하이브러뜨,카기브러드,하이브러디,하이부러드,카기브러드,카기브러드,하이브러드,하히브머드,하이버러뜨,하이브래쓰,하이부래드,하이브러디,하히쁘러드,가기브러드,하이부래드,하에므러드,하히브머드,하이브러뜨,하이부러드,하이부래드,하이브러디,하이브러브,하이브러브,하이부래드,하히브머드,하이부래드,하이부러드,하이부래드,하이브래쓰,하이부래드,카기브러드,하이부래드,하이부래드,하으브래드,하이브러뜨,하이브러뜨,하에므러드,하이부래드,하에므러드,가위브러드,하이부래드,하이부래드,하히브머드,하이부래드,5,ㅎ
illegal,일리걸,엘뤼걸,일미걸,일리헐,길리걸,일레걸,낄니걸,일니갤,일리검,길레걸,킬리걸,엘리걸,을리걸,일루걸,일미껄,일리걸,낄리걸,일리글,일리껄,임래걸,일리갤,일미껄,임래걸,낄리걸,킬리걸,일니갤,킬리걸,을리걸,낄니걸,킬리걸,길레걸,을리걸,일리갤,일리갤,일리갤,일루걸,일니갤,임래걸,일니갤,임래걸,일미껄,일레걸,엘뤼걸,낄리걸,길레걸,일미껄,임래걸,킬리걸,엘뤼걸,일니갤,일리갤,일리헐,일리걸,길레걸,낄리걸,길리걸,임래걸,킬리걸,엘뤼걸,일리갤,길레걸,킬리걸,낄니걸,일리갤,킬리걸,일리검,임래걸,일리껄,낄니걸,일리글,일리헐,길레걸,일리껄,일리걸,일리갤,길레걸,일레걸,일미껄,일리걸,길리걸,3,ㅇ
implementation,임플러멘테이션,임플러멘테기션,임쁠러멘테이션,일플러멘테히션,임플러멘테끼션,앰플러렌테이션,임플러멤테이션,임흘러멘테이션,임플러멜토이션,임플러몬테이션,임플러멘테위션,임풀러멘테이션,임픈머멘테이션,임픈러멘테으션,임플러멘테이션,임플러멘쎄이뗜,임블러멘테이션,임플러멜테이션,임퓔러멘테이션,임클러멘테이션,임플러멜테이션,임쁠러멘테이션,임플러멤테이션,임플러멤테이션,임플러멤테이션,임플러멤테이션,임흘러멘테이션,임쁠러멘테이션,임플러멜테이션,임쁠러멘테이션,임풀러멘테이션,임쁠러멘테이션,임플러멜테이션,앰플러렌테이션,임풀러멘테이션,앰플러렌테이션,임풀러멘테이션,임쁠러멘테이션,임플러멤테이션,임플러멤테이션,일플러멘테히션,앰플러렌테이션,임플러멘테이션,임플러멤테이션,임블러멘테이션,임플러멤테이션,임쁠러멘테이션,임픈머멘테이션,앰플러렌테이션,앰플러렌테이션,임플러멤테이션,임픈러멘테으션,임플러멤테이션,임플러멤테이션,앰플러렌테이션,임흘러멘테이션,임풀러멘테이션,임쁠러멘테이션,임퓔러멘테이션,임플러멜테이션,임퓔러멘테이션,임플러멤테이션,임픈머멘테이션,임플러멤테이션,앰플러렌테이션,임퓔러멘테이션,일플러멘테히션,앰플러렌테이션,임픈러멘테으션,앰플러렌테이션,임플러멘쎄이뗜,임쁠러멘테이션,앰플러렌테이션,임픈머멘테이션,임플러멤테이션,임픈러멘테으션,임클러멘테이션,임플러멜테이션,임블러멘테이션,임플러멤테이션,7,ㅇ
important,임포턴트,힘포턴크,임모턴트,낌푀턴트,임뽀던트,앰포턴트,임포턴트,임코턴트,임포떤트,잎포턴트,임포턴터,낌포턴트,임포탠트,힘포튼트,임보턴트,임페턴트,임포턴스,임포턴뜨,인푸턴트,인포컨트,음코턴트,움토턴트,임포털뜨,임포떤트,낌푀턴트,임포탠트,음코턴트,앰포턴트,앰포턴트,낌푀턴트,움토턴트,낌포턴트,임포떤트,임포턴트,낌포턴트,임포털뜨,임포떤트,앰포턴트,임뽀던트,힘포턴크,임뽀던트,음코턴트,임포턴뜨,임포떤트,힘포튼트,임포턴트,임포턴스,임뽀던트,임포떤트,임포턴트,낌포턴트,낌푀턴트,잎포턴트,임포턴스,임뽀던트,임포떤트,음코턴트,임포털뜨,임뽀던트,임포떤트,임포턴트,힘포튼트,임뽀던트,힘포턴크,임뽀던트,임뽀던트,임포턴트,낌포턴트,임포탠트,임포떤트,임포떤트,잎포턴트,앰포턴트,인푸턴트,잎포턴트,임코턴트,임포떤트,임포떤트,임포떤트,임포떤트,4,ㅇ
include,인클루드,앤틀루드,인클루더,운클무드,인컬루드,인클르드,인클뤼드,인클루스,일클로드,앤클루드,인컬루두,인클무두,인틀루더,힌을루드,인클리드,일클루드,인클루느,힌클루드,인클루드,인틀루드,킨클루드,인쿨루드,인클로드,인클루드,인클루느,인컬루드,인틀루더,인컬루두,인클무두,인클리드,인틀루더,인클무두,인틀루더,인틀루더,인클루느,인틀루더,인클루느,힌을루드,앤틀루드,인클리드,인틀루드,인클리드,인클루느,인틀루드,인클루스,앤클루드,일클루드,인틀루드,인클루느,인클루느,인클루드,앤틀루드,인클무두,인클루느,인클루느,인클무두,앤틀루드,인클루느,인클리드,인컬루두,인컬루두,인클리드,인클르드,인클루느,인클루드,인클뤼드,인클루느,운클무드,인틀루더,앤클루드,힌을루드,인클무두,인틀루더,인클루드,인컬루두,인컬루드,인컬루드,운클무드,인틀루더,인클루느,4,ㅇ
independent,인디펜던트,인디펜던크,인디펜떤트,앤비펜던트,힌디펜던트,인디핀던터,킨디펜던트,인디헨런트,인디켄던트,인디헨던츠,엔디펜던트,인뒤펜번트,인디펜든터,긴디펜넌트,인디폰던트,인디펜던튀,운디폰던트,인띠펜던터,인디펜든트,인디펜던트,인두펜던트,인디멘던트,인디펠든트,인리펜던트,인디펜던트,운디폰던트,인디펠든트,인디펜떤트,인디펜든터,인리펜던트,운디폰던트,인디헨던츠,긴디펜넌트,인띠펜던터,인디헨런트,인디펜든터,인디헨런트,인띠펜던터,인디헨런트,인디펜든터,인디폰던트,인띠펜던터,인디멘던트,인띠펜던터,인디펜떤트,운디폰던트,인디펜든터,인띠펜던터,힌디펜던트,운디폰던트,인디헨던츠,인디헨런트,긴디펜넌트,인디펜떤트,인디펜떤트,인디펜든트,앤비펜던트,인디헨런트,긴디펜넌트,앤비펜던트,힌디펜던트,힌디펜던트,힌디펜던트,힌디펜던트,힌디펜던트,인디헨런트,인디헨런트,힌디펜던트,엔디펜던트,인디헨런트,힌디펜던트,인뒤펜번트,힌디펜던트,인띠펜던터,인디펜떤트,힌디펜던트,운디폰던트,인디펜든터,인디펜든터,힌디펜던트,5,ㅇ
index,인덱쓰,인렉뜨,일덱쓰,은덱쓰,임뎈쓰,인독쓰,인뎈쓰,앤덱써,인뎈스,엔덱쓰,인덱스,윈덱드,긴덱쓰,인덱쓰,인덱츠,인덲쓰,인벡쓰,인덱써,인쎅쓰,인딕쓰,인덱씨,앤덱스,인덲써,임덱쒸,앤덱쓰,인벡뜨,인벡뜨,은덱쓰,인덱쓰,윈덱드,인덱씨,앤덱쓰,엔덱쓰,인벡뜨,인벡뜨,은덱쓰,인벡뜨,은덱쓰,엔덱쓰,인렉뜨,인벡쓰,인덱쓰,인벡뜨,윈덱드,앤덱쓰,윈덱드,인렉뜨,일덱쓰,인벡뜨,인벡뜨,윈덱드,은덱쓰,인덱스,일덱쓰,인덲써,은덱쓰,앤덱쓰,앤덱쓰,인벡뜨,엔덱쓰,앤덱쓰,앤덱쓰,긴덱쓰,인벡뜨,인덱츠,앤덱쓰,인벡뜨,인벡뜨,윈덱드,인벡뜨,엔덱쓰,인덲써,인덱츠,앤덱쓰,인덱씨,인덲쓰,엔덱쓰,인벡뜨,앤덱쓰,인벡뜨,3,ㅇ
indirect,인더렉트,인더멕트,인대렉트,앤더렉트,임더렉트,인더릭트,인너렉트,인더렉프,운드렉트,인더랙트,인더렉트,긴더뢱트,인더록트,킨더렉티,킨더렉크,인더렊트,인더록뜨,엔더렉트,인더뢱트,인더렉츠,인더렉크,인더렉티,인더랙트,인더랙트,인더록트,킨더렉티,임더렉트,인더렉티,인더렉크,임더렉트,임더렉트,킨더렉크,인더렉트,엔더렉트,인더록뜨,킨더렉티,인더렉프,인더록트,인대렉트,임더렉트,킨더렉티,인더뢱트,킨더렉티,엔더렉트,인더렉트,킨더렉티,인더렉트,인더랙트,킨더렉티,킨더렉크,인더랙트,임더렉트,킨더렉티,임더렉트,킨더렉티,킨더렉크,임더렉트,인더록트,임더렉트,킨더렉크,킨더렉티,인더렉크,임더렉트,킨더렉티,킨더렉크,임더렉트,킨더렉티,킨더렉크,인더록트,인더릭트,인더렉티,인더렉티,킨더렉크,인더록트,인더렉크,임더렉트,인더록트,임더렉트,킨더렉크,인더록트,4,ㅇ
inefficient,이니피션트,키니피션트,이니삐쳔트,이뉘피션트,이느피션트,이니피션트,이니피션크,이니패션트,이니히뗜트,이니비션트,이네피션트,에니피션트,이니히션트,이니티션프,이니피션투,기니피션트,이니푸션트,이니피션티,이니피쎤트,이내피션트,이미피션트,기니피션트,이니히션트,이니패션트,이니피션트,이네피션트,이니패션트,이니비션트,기니피션트,이니히션트,이니히션트,이니비션트,이니비션트,이니비션트,이니패션트,이니피쎤트,이네피션트,이니피션투,이니피션트,이니히뗜트,이니히션트,이니피션트,이니피션트,이네피션트,이니푸션트,키니피션트,이니피션트,기니피션트,에니피션트,이니피션트,이니피션티,이니히션트,이네피션트,이니비션트,기니피션트,이니패션트,이니피션티,이니삐쳔트,이니히션트,이니피쎤트,에니피션트,이니피션티,이니피션투,이니피쎤트,에니피션트,이느피션트,이니피션크,이네피션트,이니피션트,이니푸션트,이니히션트,이니패션트,이니피션티,이니패션트,기니피션트,기니피션트,키니피션트,이뉘피션트,이니히션트,이니푸션트,5,ㅇ
instruction,인스트럭쎤,인스티렄쎤,인쯔트먹쎤,인서트럭쎤,낀스크럭쎤,인스트럭션,인스크럭쎤,인스트륵쎤,인즈트럭텬,인스튀럭쎤,인스트먹쎤,힌스트럭쎤,엔쯔트럭쎤,엔스트럭쎤,인쯔트럭쎤,인스터럭쎤,인스티럭쎤,인스트럭쎤,인트트럭쎰,인스트럮쎤,엔쯔트럭쎤,인쯔트럭쎤,엔스트럭쎤,인쯔트먹쎤,낀스크럭쎤,엔쯔트럭쎤,인스티럭쎤,인즈트럭텬,인쯔트먹쎤,인스크럭쎤,엔스트럭쎤,인쯔트먹쎤,인즈트럭텬,엔스트럭쎤,인스트먹쎤,인스크럭쎤,인스크럭쎤,인쯔트먹쎤,인쯔트럭쎤,인쯔트먹쎤,인스트럮쎤,인스터럭쎤,인스트륵쎤,엔스트럭쎤,인스크럭쎤,엔쯔트럭쎤,엔스트럭쎤,인스터럭쎤,엔스트럭쎤,인트트럭쎰,엔스트럭쎤,인스티럭쎤,인쯔트먹쎤,인스티럭쎤,인트트럭쎰,엔쯔트럭쎤,인쯔트럭쎤,힌스트럭쎤,인스티럭쎤,인쯔트럭쎤,인쯔트먹쎤,인스트럮쎤,낀스크럭쎤,인쯔트럭쎤,인스티럭쎤,엔스트럭쎤,엔스트럭쎤,엔쯔트럭쎤,인스트럭쎤,인트트럭쎰,인스티럭쎤,인쯔트먹쎤,엔스트럭쎤,엔스트럭쎤,인서트럭쎤,인서트럭쎤,인스크럭쎤,인쯔트먹쎤,인스튀럭쎤,엔스트럭쎤,5,ㅇ
int,아이엔티,아이겐피,아이엔피,하이엔티,아이엘티,아우엔티,아이헨티,아이엔치,아이엠티,아이엔티,아이엔트,아이왼티,아애인티,아히엔티,아이온티,아키엔티,아끼엔티,아이켄티,아이엔치,아이헨티,아이헨티,아이겐피,하이엔티,하이엔티,아이엔트,아이엘티,아이왼티,아끼엔티,아끼엔티,아끼엔티,아이엔피,아이헨티,아끼엔티,아끼엔티,아이헨티,아이엠티,아이헨티,아이헨티,아이켄티,아이엠티,아키엔티,아이헨티,아이켄티,아이엔티,아이엘티,아이헨티,아이엘티,아이엘티,하이엔티,아끼엔티,아이헨티,아이엔트,아이엔치,아이켄티,아이헨티,아애인티,아키엔티,아이엔트,아이엔피,아이엠티,아이엔트,아우엔티,아이겐피,아이엔트,아이엔피,아이겐피,아이엘티,아이엔치,아이엔피,아이왼티,아이켄티,아이엔피,아이헨티,아이엘티,아이엘티,아끼엔티,아우엔티,아이엔트,하이엔티,아끼엔티,4,ㅇ
intel,인텔,엔펠,윈텔,인켈,엔텔,인펠,킨텔,긴텔,낀텔,윈틸,임펠,일뗄,운텔,엔탤,일켈,인탤,인틸,낀텐,임텔,인텔,힌쎌,킨틸,윈탤,인뗄,힌쎌,인틸,엔펠,인틸,긴텔,긴텔,임텔,엔탤,긴텔,인텔,임펠,임텔,임텔,인펠,긴텔,엔탤,인켈,킨텔,일켈,임텔,임텔,일켈,인텔,운텔,운텔,임텔,엔탤,힌쎌,킨텔,인탤,엔탤,낀텐,운텔,인펠,킨텔,킨텔,인뗄,일뗄,임텔,인텔,낀텐,킨텔,임텔,긴텔,운텔,임텔,임펠,낀텐,일켈,운텔,임텔,운텔,킨텔,임텔,엔탤,킨텔,2,ㅇ
internal,인터널,은태널,인트늘,인터널,인터럴,운퍼널,낀터널,인태널,은터널,엔터넌,인터낼,일터널,인터늘,인트널,일퍼널,인커널,엔터멀,인터넘,임터널,인처늘,인트넌,인태낼,인처널,은터널,은터널,은터널,인트늘,엔터멀,인트늘,인트넌,인트늘,은태널,은태널,엔터멀,은터널,엔터멀,엔터멀,엔터멀,엔터멀,은터널,인트넌,인트널,은태널,인트넌,은태널,일퍼널,일터널,은태널,엔터멀,엔터멀,일터널,인트늘,인트늘,은터널,엔터멀,엔터멀,인처늘,엔터멀,은태널,인처늘,인트넌,인처늘,낀터널,인트널,인처늘,인트넌,엔터멀,엔터멀,인태널,인터럴,인터낼,은터널,은터널,일터널,인처늘,엔터멀,낀터널,인트널,낀터널,인태낼,3,ㅇ
isa,이서,이새,이쩌,에서,이저,이스,이더,으새,우서,이서,위새,위쩌,위스,으서,히서,위서,애새,이써,위쩌,으새,애새,애새,우서,이쩌,이더,이쩌,이서,으새,으새,이서,으서,우서,이서,이더,이서,으새,위쩌,히서,위새,위스,이더,이스,이서,이더,이스,이더,이서,애새,애새,이서,이서,위서,이저,으서,위스,이서,이더,이더,위스,위스,이서,이저,히서,이더,이서,위쩌,이더,위서,이새,으서,위쩌,애새,이서,위쩌,이새,위쩌,위스,으서,위새,위서,2,ㅇ
isolated,아이설레이터드,아이슬레이터느,아이설레이터뒤,아끼슬레이터드,아애설레이터드,아이슬레이터드,아이설레이처드,카이설레이터드,아이설레이더드,아이설레위터드,아이설레키터드,아이섬레이터드,아이설레끼터드,아이설레이커드,아으설레이퍼드,아이설레이터드,아이설레이터브,가이설래이터드,아기설래이터드,아이샐레이터드,아이설레이터두,아이설레에터드,아이설레이처느,아이설레이처드,아이설레이더드,아이설레위터드,아이샐레이터드,아기설래이터드,아애설레이터드,아으설레이퍼드,아이섬레이터드,아이설레이커드,아이샐레이터드,아이설레이더드,아이샐레이터드,가이설래이터드,아기설래이터드,아이설레이처느,아이설레이터두,아으설레이퍼드,아이설레이터두,아이설레이터브,아이설레이터브,아이설레에터드,아으설레이퍼드,아이설레이터브,아이설레이더드,아이설레이터브,아이설레키터드,가이설래이터드,아애설레이터드,아이샐레이터드,아으설레이퍼드,아이섬레이터드,아이설레이더드,아이설레에터드,가이설래이터드,아이샐레이터드,아이설레이더드,아이설레위터드,아이설레이터브,아이설레이터브,아이설레이커드,아이설레이처드,아애설레이터드,아이설레이더드,아으설레이퍼드,아이설레끼터드,아으설레이퍼드,아이슬레이터느,아이설레이터뒤,아이설레이더드,아이설레이처드,아이설레키터드,아으설레이퍼드,아이설레이처드,아이설레위터드,아이샐레이터드,아이슬레이터드,아애설레이터드,7,ㅇ
isolation,아이설레이션,아이절레이션,아이설레이션,아애설로이션,하애설레이션,아이설레이젼,아이설레이텬,아이설네이션,가이설레이션,아우설네이션,아이쩔레이션,아이설레애션,아이설레으션,아이떨레이션,아애설레이션,아이썰레이션,아끼설레이션,아끼설레우션,아키설레이션,가이설레이텬,아이슬레이뗜,아에설레이션,아이설래이셤,아이슬레이뗜,하애설레이션,아이설레으션,아애설로이션,아애설로이션,아이절레이션,아애설로이션,아이설레이젼,아이설네이션,아이설래이셤,아이설레으션,아우설네이션,아이설레이텬,아이슬레이뗜,하애설레이션,아이설레이텬,아이설레으션,아이설레이젼,아이슬레이뗜,아이설래이셤,아이설레애션,아이설레으션,아이떨레이션,아이슬레이뗜,아이슬레이뗜,가이설레이션,하애설레이션,아애설로이션,아이절레이션,아이썰레이션,아이설래이셤,아이설레이젼,아이설레으션,아이설래이셤,아이설레이텬,아끼설레우션,아이썰레이션,아이설레이텬,아이설레으션,아이설레으션,아이설레으션,아이슬레이뗜,아이설래이셤,아이슬레이뗜,아이설레으션,아이썰레이션,하애설레이션,아이썰레이션,아이설레애션,가이설레이션,아이설레이텬,아이설네이션,가이설레이텬,아키설레이션,아이절레이션,아이슬레이뗜,아이설레으션,6,ㅇ
job,자브,차버,자드,사뷔,차브,자부,자버,자뷔,자비,자프,자므,자브,자쁘,차버,자버,사뷔,자부,자드,차브,자므,자버,자브,차브,자비,차브,자브,자뷔,자드,자버,자므,자비,자브,자므,차브,자브,자드,자비,자부,자므,차브,차브,자드,사뷔,차브,자브,차브,차브,차브,자부,차브,자브,차브,차브,자므,차브,자므,차브,자부,자므,자프,차브,자드,차브,차브,자버,사뷔,차브,자드,자브,차브,차브,자드,자므,자버,자비,자부,자드,차브,차브,차브,2,ㅈ
kim,킴,쿰,핌,큼,캠,킵,켐,킾,킨,킬,팀,킴,큄,힘,핌,킴,큄,킬,킴,캠,큄,힘,킬,힘,킴,힘,힘,힘,힘,큼,킴,킨,킬,킨,킬,킾,킬,큄,큄,킨,큄,큄,큄,킴,팀,킴,큄,킴,킵,킨,힘,힘,킨,킬,킬,킨,힘,힘,켐,큄,킴,캠,큄,킨,킬,킨,힘,큼,킬,큼,캠,켐,큼,큼,킨,킴,킴,팀,킨,쿰,1,ㅋ
know,노,노,로,네,누,모,로,로,네,노,누,로,누,노,노,모,모,모,로,누,로,누,로,로,누,로,로,로,모,로,로,로,네,모,누,모,누,로,로,로,로,로,노,로,모,누,로,모,로,노,로,누,로,로,누,로,로,노,누,로,누,모,로,모,네,모,노,모,누,노,로,로,모,로,모,누,노,네,누,로,1,ㄴ
large,라지,라치,라지,나치,나쥐,나씨,라제,마재,라주,라재,라찌,라시,나씨,라지,나치,라주,나씨,라제,라주,라찌,나씨,나씨,라찌,라주,마재,라지,마재,라치,라주,라제,라지,나씨,나쥐,라시,라주,라제,라주,라찌,라치,라주,라시,라지,라주,라치,라지,라치,라지,라주,라주,라치,나씨,라찌,라주,라지,나치,라시,라지,라지,라지,라시,라치,라주,라주,마재,마재,라치,나치,라찌,라시,나치,라찌,라치,라찌,라주,마재,나씨,마재,라주,라찌,나씨,2,ㄹ
latch,래치,래찌,래씨,레츠,매치,내추,레치,리치,래치,래추,래체,내치,러치,래채,래지,래추,리치,래치,리치,래씨,러치,래추,러치,래씨,래추,래찌,러치,내추,러치,래찌,래씨,러치,래씨,래추,래치,래추,래치,래씨,러치,래씨,래찌,내치,러치,래추,러치,래지,래추,리치,리치,러치,래씨,래치,래씨,래추,래추,레치,래씨,래추,래추,래추,내추,래치,러치,래씨,래추,래치,래추,래찌,래씨,내치,리치,래추,래추,래씨,래추,래씨,래추,래씨,래채,래찌,2,ㄹ
leftover,레프토버,레므토버,레프초버,레프토뻐,레브토버,레푸토버,레프투버,레프토브,리프초버,레프테머,리프토버,레쁘토버,레므투버,레프토버,레퓌토버,레쁘토배,레프투더,레프도버,로프토버,메프토버,레므토버,레프토브,레므투버,레프토브,레프도버,레프토버,레프토브,레프투버,레브토버,레프테머,레프도버,레프토버,레퓌토버,레푸토버,레퓌토버,레프토뻐,레프테머,리프토버,레프토브,로프토버,로프토버,레프토버,레므토버,레프투버,리프토버,레프토버,레므토버,리프초버,레므토버,레프토브,레므토버,로프토버,로프토버,레프초버,레프토버,레므토버,리프토버,레프토버,레프토브,레므투버,레므토버,레므토버,레퓌토버,레프토뻐,레프투더,레프토버,레프토브,레므토버,레프투더,레프도버,메프토버,레프토버,리프토버,레브토버,리프토버,레프투버,레프테머,로프토버,레프토버,레프도버,4,ㄹ
length,렝크스,렉크스,렝크시,렝트스,렝커츠,렝쿠스,렣트스,렝그스,넹크스,링프스,랭크스,링쿠스,렊크스,렉트스,롱크스,렝크서,렝퀴스,렝키스,룅크스,렝크스,렠크트,렝트스,렊크스,렝키스,렝키스,렉크스,넹크스,링프스,렉트스,렊크스,렉크스,렝트스,렝트스,렝트스,링프스,렝퀴스,렉트스,렝크서,렝트스,렝트스,렉크스,렊크스,렉크스,렝키스,링프스,룅크스,렉크스,렝퀴스,렝퀴스,렝트스,렉크스,링프스,렉크스,링프스,렣트스,렝크시,링프스,링프스,링프스,렝트스,렝키스,링프스,렝퀴스,렝키스,렝트스,렉크스,렝키스,렝그스,렊크스,렝트스,룅크스,렝트스,렝크시,링프스,렊크스,렉크스,렝퀴스,링프스,렉크스,렝트스,3,ㄹ
level,레벌,네덜,레덜,레번,리밸,래밸,레멀,레뻘,레벌,레범,레펄,레밸,메벌,리블,네벌,레블,로번,레덜,레블,레블,레벌,레벌,리밸,레블,레밸,레블,로번,리밸,레멀,레덜,레밸,레멀,레밸,레번,레밸,레밸,리밸,레멀,리블,리밸,리밸,레멀,레블,레덜,레덜,레블,네덜,레멀,레덜,레밸,레번,레멀,메벌,레펄,레블,레블,레덜,리블,레블,레벌,레벌,레밸,네벌,네덜,레블,레벌,네벌,리밸,레블,리밸,레덜,리밸,네덜,레멀,레블,리밸,로번,레펄,레멀,레블,2,ㄹ
limit,리먿,래믇,리멋,리멉,리믇,리먿,리먼,래먿,리럳,리맫,레먿,미멌,뤼먼,리멀,래맫,리벋,니먿,리넏,미멌,리먼,리멋,리멋,리믇,래믇,리멉,리믇,리믇,리멋,미멌,리먼,리맫,리먿,리멋,니먿,니먿,리멋,리넏,미멌,뤼먼,리멀,리믇,리벋,니먿,리럳,래믇,리멋,리먿,리먿,뤼먼,리럳,리믇,래맫,리맫,리먿,미멌,리먿,뤼먼,리먿,리멉,리넏,뤼먼,리넏,미멌,리멋,레먿,리믇,리먼,니먿,미멌,니먿,리멋,리믇,니먿,리믇,리럳,리멀,리먿,리먼,뤼먼,리먼,2,ㄹ
linear,리니어,리미어,니니어,리리어,니니커,뤼니어,리니어,리미애,레니애,리니거,리네어,리니커,레니어,래니커,루리어,미니어,리니꺼,리니어,리미애,루리어,리니어,리니어,루리어,리리어,리니어,리니어,리네어,루리어,미니어,리니커,루리어,미니어,리니거,미니어,리니어,루리어,리니커,뤼니어,리니어,루리어,래니커,리니어,레니어,레니어,루리어,리니어,레니어,리니어,래니커,레니어,리니꺼,리네어,미니어,리니어,레니어,리니어,래니커,리리어,리리어,리니어,니니어,리리어,리니꺼,니니커,루리어,리니어,래니커,리니거,미니어,미니어,레니어,미니어,래니커,리니어,리니꺼,래니커,루리어,래니커,레니어,리니커,3,ㄹ
list,리스트,리뜨트,루스트,리스쓰,리스드,니스트,리서튀,리쉬트,르스트,리스터,리뜨투,리스프,뤼스트,리스트,래스트,리스츠,리츠트,리스티,리쓰트,리스크,리쉬트,리스티,리뜨트,르스트,리스티,리스쓰,니스트,리츠트,리스티,리뜨트,리츠트,리스티,리스쓰,리츠트,니스트,리스크,리스트,리츠트,리뜨트,리스티,리쓰트,뤼스트,뤼스트,리츠트,리스티,니스트,리뜨트,리뜨트,리스쓰,리스터,리스티,리스트,리스쓰,리뜨트,리뜨트,리쓰트,니스트,리쉬트,리츠트,리츠트,리쓰트,리쉬트,뤼스트,리뜨트,뤼스트,리쉬트,리스쓰,리츠트,리스티,리스터,리쓰트,리스드,리쉬트,리스티,리뜨트,니스트,리스쓰,니스트,래스트,리츠트,3,ㄹ
load,로드,모드,뢰드,로느,루브,노브,루디,루더,레드,노드,루드,노느,로스,로더,로르,노디,레느,로드,로브,로르,노브,레느,로르,루디,로스,루브,노느,모드,뢰드,루드,로스,로르,뢰드,노브,로더,로느,로더,레느,루브,레느,레느,루더,노브,로르,뢰드,노느,로더,레느,루드,로르,루드,노느,뢰드,로르,노드,뢰드,레느,로르,뢰드,로스,노브,뢰드,뢰드,로브,루드,레느,모드,로르,레느,레느,로느,모드,뢰드,노브,노느,뢰드,로느,로르,루브,로브,2,ㄹ
locality,로캘러티,노캘러티,로탤너티,로캔러티,루캘러티,로캘러테,로캘너티,로컬러티,로캘러투,레캘러티,뢰캘머티,로캘러키,모캘러티,로캔러키,로캘러태,로캘러티,로탤러티,로캘러테,로캘러테,로탤러티,로캘러티,로캘러티,로캘러티,로캔러티,노캘러티,로캔러키,로컬러티,로캘러테,로탤러티,로캘너티,로캘러키,레캘러티,로탤러티,로캘너티,로탤러티,뢰캘머티,로캘러태,로탤러티,로캘러테,로캘러테,로캘러티,로캘러테,로컬러티,뢰캘머티,로컬러티,로캔러키,로캔러티,로캘러테,로캘러키,로탤너티,로캘러테,모캘러티,로탤러티,로탤너티,뢰캘머티,로캘러태,로캘너티,로캘러키,로캘러테,로캘너티,로캘러테,로컬러티,로캘러테,로캘너티,로탤러티,로탤러티,로캘러테,로탤너티,로캘러티,로탤러티,로컬러티,노캘러티,로캘너티,로캘너티,로캘너티,로탤러티,로캘러키,로캘러테,로캘러키,레캘러티,4,ㄹ
logical,라지컬,라쥐털,라치컬,라지펄,라지털,라쥐컬,라지컨,라즈컬,나지컬,라지캘,나찌컬,라지껄,라지클,라재컬,라찌컬,라지컬,라재헐,나찌컬,라지클,라지껄,라재컬,라즈컬,라지펄,라지클,라재컬,라지컨,나찌컬,라지껄,라재컬,라쥐털,라재컬,라치컬,라치컬,라즈컬,라지털,라지펄,라쥐컬,라지털,라쥐컬,라지클,라찌컬,라즈컬,라지캘,라쥐컬,라치컬,라지클,라지클,라쥐컬,라찌컬,나찌컬,라재헐,라재컬,라즈컬,라지털,라재컬,라지클,라쥐컬,라치컬,라쥐털,라지털,라지껄,라치컬,라재컬,라치컬,라쥐컬,라지클,라지펄,라즈컬,라찌컬,라쥐컬,라지컨,라지클,라치컬,나찌컬,라쥐털,라쥐컬,라재컬,라지클,라지껄,라지껄,3,ㄹ
look aside,루 거사이드,루 거싸이뒤,루 거자이드,루 거사이더,루 거사키드,루 거사애드,루 개사이드,루 꺼싸이드,무 거사이르,루 꺼사이드,루 거사이드,루 거사이르,루 거사이트,루 거사기드,루 거사히드,루 꺼사이더,루 그사이드,루 거사기드,루 거사키드,루 거사키드,루 거사키드,무 거사이르,무 거사이르,무 거사이르,무 거사이르,루 꺼사이더,무 거사이르,루 거사이르,루 꺼사이더,루 꺼사이더,루 거사이드,루 거사기드,루 거사키드,루 거사키드,루 거사키드,루 거사키드,루 거사키드,루 거사키드,무 거사이르,루 거사기드,루 거사기드,루 거사키드,루 거사이더,루 거사이트,루 거사키드,루 거사이드,루 거사키드,루 거사이드,무 거사이르,루 거사키드,루 거사기드,무 거사이르,무 거사이르,루 거사키드,루 거사기드,루 거사키드,루 꺼사이드,무 거사이르,루 거사히드,루 거사키드,루 거사기드,루 거사키드,루 거사기드,루 거사이더,무 거사이르,루 거사키드,루 거사키드,루 거사이트,루 거사기드,루 거사키드,루 꺼사이더,루 거사이드,무 거사이르,루 꺼사이드,무 거사이르,무 거사이르,루 거사키드,루 거사키드,루 꺼사이더,루 거사기드,6,ㄹ
lookup,루컵,루펍,루큽,로컫,누컴,루컾,로컵,루컵,누텁,리캡,무업,루텁,뤼컵,리껍,뤼껍,무컵,르컫,루캡,리컵,로껍,루컫,루캡,루컵,로껍,리껍,무업,루텁,루펍,루컾,뤼컵,리껍,리껍,루펍,리껍,르컫,리껍,리껍,루텁,리껍,리껍,루큽,리껍,리캡,리껍,뤼껍,무업,리껍,루펍,루텁,리껍,리껍,리캡,무업,리껍,루캡,루텁,루펍,로껍,무업,루펍,리컵,루텁,루텁,뤼컵,루컵,뤼컵,리껍,리껍,무업,리껍,루컵,루캡,무업,리컵,리껍,루펍,루텁,루텁,루텁,리껍,2,ㄹ
lru,엘알유,헬알유,엘칼유,엘안유,욀깔유,엘알뀨,엘알규,욀알유,엘알유,껠알유,엘안휴,일안유,엘할유,엔알유,일알규,올칼유,엘알유,욀깔유,헬알유,욀깔유,엘알뀨,엘알유,엘알뀨,헬알유,껠알유,엘안유,헬알유,엘안유,엔알유,엘알뀨,껠알유,엘안유,엘알뀨,엘칼유,엘알유,엘알유,헬알유,엘안유,엘할유,엘안유,엘알규,엘알뀨,엘알유,엘알유,엘알뀨,엘안휴,헬알유,엘안유,엘알뀨,엘안휴,엘알규,헬알유,껠알유,엘알유,엘알뀨,껠알유,엘칼유,엘알유,엘알뀨,일안유,엘안유,엘알뀨,엘칼유,껠알유,껠알유,엘알뀨,엘할유,엘알뀨,엘알유,올칼유,엘알유,헬알유,엘안휴,껠알유,엘안휴,껠알유,욀깔유,헬알유,헬알유,엘안유,3,ㅇ
main,메인,네긴,메임,메일,페운,미긴,메앤,메운,메낀,베운,메은,레엔,페인,네인,매인,메인,레낀,미인,모인,레인,메힌,메킨,메긴,페인,메힌,메킨,메임,메힌,베운,메낀,매인,매인,매인,레낀,네긴,레낀,메힌,메긴,메긴,메힌,메긴,레낀,레낀,메일,메긴,메인,매인,미긴,메킨,메킨,메임,메긴,메힌,메킨,페운,네긴,레낀,메힌,메킨,네긴,메앤,레낀,메킨,메낀,레낀,메힌,메힌,메긴,메일,메낀,네긴,메일,페인,네긴,메긴,레낀,미긴,페인,레낀,페인,2,ㅁ
management,매너지먼트,매너지넌트,배너지먼트,머너지먼트,매느지먼트,메너지먼트,래너쥐먼트,매머지멈트,매너지먼트,매내지먼트,매너지멈트,매너지믄트,매너지멀트,매너지맨트,매너치맨트,매너지넌크,매너지런트,매너지먼크,매너지넌크,매느지먼트,매너지멈트,매너지멈트,머너지먼트,머너지먼트,머너지먼트,매머지멈트,머너지먼트,매너지넌크,메너지먼트,매너치맨트,메너지먼트,매너치맨트,매너지멈트,메너지먼트,매머지멈트,매머지멈트,매머지멈트,메너지먼트,메너지먼트,매너지넌크,매너지멈트,매너지믄트,매너지믄트,매너지멈트,매너치맨트,매느지먼트,매너지런트,매너지먼트,매머지멈트,매머지멈트,매너지넌트,머너지먼트,매너지런트,매느지먼트,메너지먼트,매너지멈트,머너지먼트,매너지멈트,메너지먼트,매머지멈트,메너지먼트,매너지멈트,메너지먼트,매너지믄트,매너지넌크,매내지먼트,매내지먼트,매너지믄트,매머지멈트,매너지런트,매머지멈트,매머지멈트,매머지멈트,매머지멈트,매머지멈트,매너지멈트,매머지멈트,메너지먼트,머너지먼트,메너지먼트,5,ㅁ
manipulation,머니별레이션,머니별레이쳔,머미별레이션,머니별레애쎤,머니별레이션,므니뎔레이션,머니뎔레이션,머니별리이션,머니별메이션,머니별뢰이션,므니별레이션,머니별로이션,머니뎔레에션,머니별레이셜,러니별레이션,머니별레이뗜,러니멸레이션,머미별뢰이션,머니별리이션,머니별뢰이션,러니별레이션,므니뎔레이션,머니뎔레이션,머니뎔레이션,머니별뢰이션,머니별레이셜,므니별레이션,머니별뢰이션,머니뎔레이션,머니별리이션,머니별레애쎤,머니별레이뗜,머니별뢰이션,머니별뢰이션,머니뎔레이션,머니별뢰이션,머니별뢰이션,머니별메이션,러니별레이션,머니별메이션,므니뎔레이션,머니별레이뗜,러니멸레이션,머니뎔레이션,머니뎔레이션,머니별뢰이션,머니뎔레이션,머니별뢰이션,머니별리이션,머니별메이션,머니별뢰이션,머니별레이쳔,러니별레이션,머미별레이션,머니별뢰이션,머니별레이셜,머니별메이션,머니별뢰이션,머니별리이션,러니별레이션,머니뎔레이션,러니멸레이션,므니별레이션,머니별뢰이션,러니별레이션,러니별레이션,러니멸레이션,머니별메이션,머니별뢰이션,머니뎔레이션,머니별레애쎤,머니뎔레이션,머니별뢰이션,머니별뢰이션,러니별레이션,머니별레애쎤,머니뎔레이션,머니별로이션,머니뎔레이션,머니별메이션,6,ㅁ
many,메니,레내,메뉘,베니,뻬리,매니,뻬니,뫼니,메니,메리,뻬내,모미,메네,네니,모니,매네,메미,레미,미리,네뉘,뻬니,뻬니,뻬니,네뉘,미리,뻬리,메뉘,뻬니,메뉘,메니,네뉘,메리,메미,메리,메미,메미,메네,메미,뻬니,뻬리,네뉘,메미,네뉘,네뉘,메니,메리,베니,메니,메리,메리,뫼니,뻬니,뻬리,메리,메리,매네,레미,뻬내,레미,메리,메미,모니,메미,레내,메네,메미,메뉘,모미,메리,미리,뻬리,뻬내,메미,뻬리,레미,메니,미리,매네,매네,메네,2,ㅁ
map,맵,멉,맾,팹,냅,랩,맵,맫,맴,뺍,멥,밉,멉,맴,밉,밉,밉,멉,맴,맴,맴,맴,멥,밉,맵,팹,맴,맴,맵,맫,맴,밉,멉,맫,팹,맴,멉,맫,맴,밉,맵,맴,멉,맵,맵,냅,밉,맴,멉,맵,밉,멉,맴,맴,맵,밉,맵,멥,멥,맴,밉,팹,냅,맴,맴,맴,맵,밉,맾,밉,맵,밉,팹,맴,맴,맴,멉,맴,맵,맵,1,ㅁ
mapping,매핑,머킹,머삥,매팽,메픾,매픽,미핑,머핑,미힝,미핔,내힝,메핑,미펭,매픾,빼픾,내핔,매밍,매핑,내핑,매힝,매풍,래핑,매빙,매핑,미핔,미핑,래핑,매픾,매힝,매힝,미핔,머핑,매힝,매밍,매힝,미펭,매픾,매힝,매힝,미핔,매밍,매핑,매힝,매픾,매픾,매픾,미핔,매밍,미펭,매핑,매밍,매힝,미핔,매픾,래핑,매핑,머핑,빼픾,매힝,매픾,매픾,매픾,매픾,매풍,머삥,매힝,매빙,미핔,매픾,매힝,매풍,래핑,메픾,빼픾,매힝,래핑,매픾,미펭,미펭,머핑,2,ㅁ
memory,메머리,메머레,메러리,메너니,베머니,메머뤼,레너리,메머니,메머리,메매리,네머리,모퍼리,메머미,매머리,메머루,메너미,미머리,메뻐리,뫼머리,메머르,베머니,뫼머리,메러리,메머루,네머리,메러리,메머르,메러리,네머리,메머리,미머리,메머니,메머르,모퍼리,메머뤼,베머니,모퍼리,메머르,메뻐리,베머니,메매리,모퍼리,메머르,메머니,메러리,메러리,모퍼리,메머니,메너니,네머리,메머뤼,메머르,메머뤼,레너리,메머르,메러리,메머레,메머미,미머리,메머니,메머르,메머레,메러리,메머뤼,레너리,메러리,메머미,메머르,메머니,메머니,메머뤼,메뻐리,메머르,메러리,메머루,베머니,메러리,메뻐리,메머니,메머니,3,ㅁ
memory management,메머리 매너지먼트,메머리 매너지먼트,메머리 매너치먼트,레머리 매너지먼트,메머리 매너즈먼트,베머리 매너지먼트,메머리 매느지먼트,뻬머리 머너지먼트,메머리 머너지먼트,메머니 매너제먼트,메머래 매너지먼트,메머리 매너지먼터,메버리 매너지먼트,메러리 매내지먼트,메머리 매너지먼츠,메머루 매너지먼트,메머리 매너지뻔트,메머리 매내지먼트,메머리 메느지먼트,메머리 매너지믄트,메머리 래너지먼트,미머리 매너지먼트,메러리 매내지먼트,메머리 머너지먼트,메머리 매너지먼츠,메머리 래너지먼트,메머리 래너지먼트,메머리 매느지먼트,메머리 매너지뻔트,메머리 메느지먼트,메러리 매내지먼트,메머리 매내지먼트,메머리 매느지먼트,메버리 매너지먼트,메러리 매내지먼트,메머리 매너지뻔트,레머리 매너지먼트,메머리 매너치먼트,메머리 머너지먼트,레머리 매너지먼트,메머리 매너즈먼트,메버리 매너지먼트,뻬머리 머너지먼트,베머리 매너지먼트,메머리 매너치먼트,메머리 매느지먼트,메머리 매느지먼트,뻬머리 머너지먼트,뻬머리 머너지먼트,메머리 매너치먼트,메머리 래너지먼트,메머리 매느지먼트,메머리 매느지먼트,메버리 매너지먼트,메머리 매너즈먼트,메머리 래너지먼트,메머리 머너지먼트,메머리 매너지먼츠,메머리 메느지먼트,메머리 매너즈먼트,메러리 매내지먼트,메머리 매느지먼트,메러리 매내지먼트,메러리 매내지먼트,베머리 매너지먼트,메머리 매너지먼터,메머리 매느지먼트,메머리 매너지믄트,메머리 매느지먼트,메머리 매느지먼트,메머리 매너치먼트,메머리 매너치먼트,메머리 매내지먼트,메머리 래너지먼트,메머리 매느지먼트,메머리 매너치먼트,레머리 매너지먼트,메머리 매내지먼트,메러리 매내지먼트,메머리 매느지먼트,9,ㅁ
minimal,미너멀,미너벌,미내맬,미너먼,미느멀,매너멀,메너멀,므너멀,매너먼,미러멀,미너믈,미너뻘,미너멀,미너널,미내멀,삐너맬,니내멀,무너멀,미내펄,미머멀,메너먼,미너먼,므너멀,미러멀,무너멀,미너믈,메너멀,니내멀,매너먼,삐너맬,미너먼,미러멀,미러멀,미너먼,미러멀,미러멀,메너멀,메너먼,미내펄,메너멀,미러멀,미내펄,미너벌,메너멀,미너먼,미러멀,메너멀,미내펄,매너먼,미머멀,미너벌,메너멀,메너멀,메너먼,삐너맬,미너벌,미너벌,미러멀,니내멀,미러멀,메너멀,메너멀,니내멀,메너먼,메너멀,메너멀,메너멀,미너뻘,메너먼,미너벌,매너먼,매너먼,니내멀,미너믈,메너멀,니내멀,메너먼,매너먼,미너뻘,메너먼,3,ㅁ
miss,미스,피스,미트,리서,므스,니츠,미스,미쉬,미서,니스,무스,미수,므트,메스,미즈,미츠,니서,비스,무쯔,미즈,무스,미트,미서,므트,니츠,리서,므트,미트,니스,미츠,피스,리서,리서,니스,미서,미스,미서,미츠,미수,리서,므트,미쉬,미수,미서,미수,피스,미수,피스,므트,무쯔,니스,니스,미서,미서,미서,미스,니서,미수,미서,미트,미쉬,피스,니츠,므트,리서,리서,미수,미츠,미수,니서,무쯔,미수,니츠,미츠,니스,므스,무스,피스,무쯔,니츠,2,ㅁ
mmu,엠엠유,껨엠휴,껨앰유,껨엠뀨,앰엠뀨,엘엠유,헴엠규,임엠유,엠켐큐,엪엡유,엔엠뀨,헴엠큐,엠엠유,엔엠규,엪엠유,엠엠뀨,엠옴유,엔껨유,켐엠유,엠엡큐,엠엔유,엠욈뀨,엠욈유,엠임유,앰엠뀨,엔엠뀨,앰엠뀨,앰엠뀨,엠켐큐,헴엠규,엠켐큐,껨엠뀨,껨엠뀨,앰엠뀨,앰엠뀨,엠켐큐,앰엠뀨,엠욈뀨,엠엠유,헴엠규,앰엠뀨,껨엠뀨,엠켐큐,엔엠뀨,엠엠뀨,엠켐큐,엠엠유,엠켐큐,엠엠유,껨엠뀨,엪엠유,엔엠뀨,앰엠뀨,엠켐큐,엠엡큐,앰엠뀨,엪엡유,엠엠뀨,껨엠뀨,앰엠뀨,앰엠뀨,엠엡큐,엠엠유,엠옴유,앰엠뀨,엪엡유,엠엠유,엠엡큐,엠켐큐,껨앰유,엠엠유,앰엠뀨,헴엠규,엠켐큐,엪엠유,앰엠뀨,엠켐큐,엘엠유,껨엠뀨,앰엠뀨,3,ㅇ
modify,마더파이,마더바이,빠더파이,마더파이,마더카히,마더파으,마더마이,마버파이,마더파기,파드파이,마드파이,마너파기,나너파이,마더바애,마더파에,마대파이,마러파이,파더파이,마서파이,마더파이,마더파기,마서파이,마서파이,마러파이,마러파이,마서파이,마러파이,마러파이,마러파이,마더바이,마더마이,마러파이,마더파이,마더마이,마버파이,빠더파이,빠더파이,마러파이,마러파이,빠더파이,마더파이,파더파이,마더파이,마더바애,마더바애,마러파이,마러파이,파더파이,마더파이,마서파이,파더파이,파드파이,파드파이,마버파이,마더바이,마더파으,마더카히,마더바이,마러파이,마드파이,마러파이,마러파이,마드파이,마버파이,마더카히,마더파이,마버파이,마더카히,마더바애,마더카히,마러파이,마더바이,마러파이,마러파이,마더파이,마러파이,마러파이,마더카히,마러파이,빠더파이,4,ㅁ
multiple,멀터펄,멀더펄,멀태펄,뻘터펄,멀터펀,믈터펄,멀터펄,멀처펌,멈터펄,럴터플,멀터팰,멀처팰,멀처펄,맬터펄,멀트플,멀커펄,멀커헐,널터플,멈써펄,벌터펌,벌터뻘,럴터펄,멀트펄,멀태펌,멀터벌,멀처펌,멈써펄,믈터펄,멈써펄,벌터펌,벌터뻘,멀터펄,벌터펌,벌터뻘,멈써펄,멀처팰,멀트플,믈터펄,멀커펄,멀커펄,멀터펄,멀처펌,멈써펄,멀커펄,믈터펄,널터플,멀커펄,벌터뻘,럴터펄,멀터펄,멀커펄,멈터펄,멀트플,멀처펄,멀터펄,벌터뻘,멀태펄,믈터펄,벌터뻘,럴터펄,멈터펄,멀처펌,벌터뻘,멀터펀,멀처펌,멀터펄,멀처팰,멀터펄,멀터펄,멀처펌,멀처펌,멀처펌,멀트펄,벌터펌,멀터펄,멀커펄,믈터펄,멀터펄,멀터펄,멀터펄,3,ㅁ
multiple partition,멀터펄 파티션,멀터펄 파티셤,멀터펄 빠티션,멀터펄 파티션,멀터펄 파치션,멀터펄 하티션,멀터펄 타티션,맬터펄 파티션,멀터펄 파트셤,멀터펄 파티셜,믈터펄 파티션,멀트컬 파티션,멀터펄 마티션,멀터팰 파디션,벌터펄 파티쪈,멀퍼펄 파티셤,멀터펄 파트션,멀써펄 파티션,멀터벌 파티션,믈터펄 파티션,멀터펄 파티셜,믈터펄 파티션,믈터펄 파티션,멀터펄 파티셤,멀터팰 파디션,믈터펄 파티션,멀터펄 파티셤,믈터펄 파티션,믈터펄 파티션,멀퍼펄 파티셤,멀터펄 파티셤,멀터펄 하티션,멀터펄 하티션,벌터펄 파티쪈,멀터펄 하티션,믈터펄 파티션,멀터펄 파티셤,믈터펄 파티션,멀터펄 파치션,믈터펄 파티션,멀터펄 마티션,믈터펄 파티션,멀터팰 파디션,믈터펄 파티션,믈터펄 파티션,벌터펄 파티쪈,멀터펄 타티션,멀터펄 하티션,믈터펄 파티션,믈터펄 파티션,멀터펄 파티션,멀터펄 하티션,멀터펄 하티션,멀터펄 하티션,믈터펄 파티션,믈터펄 파티션,멀터펄 파트셤,믈터펄 파티션,멀터펄 하티션,멀터팰 파디션,믈터펄 파티션,믈터펄 파티션,믈터펄 파티션,믈터펄 파티션,멀터펄 빠티션,믈터펄 파티션,멀퍼펄 파티셤,멀써펄 파티션,멀터펄 파트셤,멀터펄 하티션,믈터펄 파티션,믈터펄 파티션,멀터펄 파티셜,멀터펄 파트션,믈터펄 파티션,믈터펄 파티션,멀터펄 타티션,멀터펄 하티션,믈터펄 파티션,멀터벌 파티션,7,ㅁ
need,니드,느드,리드,네뒤,네브,미드,내드,니르,니쓰,미쓰,니스,뉘두,누브,내더,니더,니느,니브,니뜨,니드,니드,뉘두,니느,니르,니더,니더,니르,리드,니드,니느,니더,니더,니느,니드,니드,니르,니쓰,니뜨,니더,내드,니드,니드,니더,니더,니더,미드,니브,니드,미드,니드,니브,니쓰,니드,니쓰,미드,니더,니스,니더,니쓰,니더,니느,내드,니드,니쓰,니더,뉘두,리드,니더,니더,니뜨,니더,니더,니더,니더,니스,니더,니뜨,니스,니드,내드,니더,2,ㄴ
new,누,느,노,누,뉘,무,루,노,무,무,느,무,무,느,뉘,누,느,무,무,무,무,느,무,무,노,노,뉘,루,노,뉘,느,무,무,무,루,무,루,무,무,무,누,뉘,무,루,루,느,느,무,뉘,무,뉘,뉘,무,무,누,뉘,노,무,루,뉘,무,무,루,누,무,무,노,느,무,뉘,무,무,노,무,느,무,무,뉘,느,무,1,ㄴ
number,넘버,넘브,늠배,널버,넌버,널브,늠버,멈버,멈배,럼버,넘버,럼브,냄버,냄뻐,넘더,멈배,넘더,널버,늠버,럼브,멈배,럼브,늠버,널버,냄뻐,넘버,냄뻐,럼브,넘브,럼브,늠버,널버,널브,멈배,냄버,럼브,냄뻐,냄버,멈배,멈배,냄뻐,럼브,널버,멈배,널버,늠버,널버,멈배,냄버,냄뻐,늠버,멈배,널버,늠버,럼브,럼브,넘버,럼브,넘더,넘버,늠버,멈배,냄뻐,럼브,멈배,넘버,넘버,넌버,럼브,널버,넘더,늠버,럼브,널버,널버,럼브,늠버,늠버,넘더,냄뻐,2,ㄴ
observation,아브저베이션,아브재배이션,아브저페에션,아브저베이텬,아브저베애션,아브쩌베이션,아뷔저베이션,하브저베이션,아브저데이션,아브써베이션,아브저배이션,카브저베이션,아브즈베으션,가브저베이션,아브저베이션,아브즈보이션,아버저베이션,아드저베이션,아브즈베이션,아브재베이션,아브저베키션,아브저베이젼,아브저베애션,아브즈베이션,아브즈베이션,아뷔저베이션,아브저배이션,아브저데이션,아브저배이션,아브저데이션,아브저베이젼,아브즈보이션,아브즈보이션,아브즈보이션,아브저베이젼,아브저베이텬,아버저베이션,아브재베이션,아브쩌베이션,가브저베이션,아브써베이션,아브즈보이션,아브저페에션,아브즈보이션,아브저배이션,아뷔저베이션,아브저배이션,아브저배이션,아브저베이텬,아브써베이션,아브즈보이션,아버저베이션,아브저배이션,아브즈베이션,아브즈보이션,아브쩌베이션,아브저데이션,아브즈베이션,아브저베이젼,아브저배이션,아브즈베이션,아브쩌베이션,아브저베이젼,아브저베이션,아브저데이션,아브즈베이션,아브즈보이션,아브저배이션,아버저베이션,하브저베이션,아브저데이션,아버저베이션,아브저배이션,아브즈베으션,아브즈베이션,아브쩌베이션,아브저배이션,아브저베이젼,아버저베이션,아브저베이젼,6,ㅇ
offset,오프섿,꼬프섿,고프섿,오퍼섿,오프섿,오프셌,우프섿,오피셉,오프샏,호프섿,오피섿,오프셑,오프센,오크섿,오쁘섿,오프텓,오프솓,오프젣,오트섿,오프뗃,고퍼섿,오퍼싣,코프섿,오브샏,오프첻,에프섿,오피섿,에프섿,오피셉,오피셉,오쁘섿,오프셑,오프섿,오피셉,오퍼싣,호프섿,오브샏,오프셌,오트섿,오피섿,우프섿,오피셉,오프솓,오피섿,오피섿,오프뗃,오쁘섿,우프섿,오프뗃,우프섿,호프섿,우프섿,오트섿,호프섿,오브샏,오쁘섿,호프섿,오프섿,우프섿,오프텓,오프센,에프섿,오프셑,오프샏,우프섿,오프뗃,고퍼섿,오피셉,오피셉,오브샏,코프섿,오프솓,호프섿,오피셉,에프섿,오피셉,오프텓,오프센,오피셉,호프섿,3,ㅇ
operating,아퍼레이팅,아퍼레이핑,아퍼레끼딩,가퍼레이텡,아터레이팅,아퍼레이팅,아퍼레이킹,아퍼레이씽,아퍼레에튕,아퍼레기틱,아퍼레이튕,아퍼뢰이팅,아패레이텡,가퍼레이틲,아퍼레이팈,아퍼네이틲,아퍼레이칭,아퍼레기팅,아퍼레이틱,아퍼레우틍,아패레이팅,가퍼레이틲,아퍼레이튕,아퍼레에튕,아퍼레이팈,아퍼레이팅,아터레이팅,아퍼레이팅,아패레이팅,아퍼레이팅,가퍼레이텡,아터레이팅,아퍼레이팈,아퍼레이팅,아퍼레이팅,가퍼레이텡,가퍼레이텡,아퍼레이팅,아퍼레이팈,아퍼레이킹,가퍼레이텡,가퍼레이텡,아퍼레이튕,아퍼레이팈,아퍼레이튕,아퍼레이핑,가퍼레이텡,아패레이텡,아퍼레이튕,아퍼레우틍,아퍼레이칭,아퍼레에튕,가퍼레이틲,아퍼레끼딩,아퍼레이팈,아퍼레우틍,아퍼레이팅,아퍼레이킹,아퍼레끼딩,아퍼레끼딩,아퍼레우틍,아퍼레이틱,아퍼레에튕,아퍼레이핑,아퍼레이킹,아퍼레이팈,가퍼레이텡,아퍼레에튕,아퍼레이팈,아퍼레이튕,가퍼레이텡,아퍼레이팅,아퍼레이팅,아퍼레우틍,가퍼레이틲,아퍼레이튕,아퍼레이팈,아퍼레이킹,아퍼레이팈,아퍼레이킹,5,ㅇ
outer,아우터,아후트,아우트,아우터,아우퍼,아꾸트,아위터,하우터,아우처,아오터,카우터,아우서,아후터,아우태,까우태,아우커,아쿠처,아쿠트,아이터,아오처,아쿠태,아위터,하우터,아오처,하우터,아쿠처,아쿠처,아쿠처,아쿠처,아후터,아쿠처,아쿠처,아우터,아우터,하우터,아쿠트,아후트,아쿠처,아쿠처,아우커,아쿠처,하우터,아쿠처,아우트,아오처,아후트,아우커,하우터,아후트,하우터,아오처,아후트,아오처,아쿠처,아우퍼,하우터,아우터,아우퍼,아후트,아후트,아우퍼,하우터,아우커,아후트,아우커,아오터,아쿠처,아우태,하우터,아우커,아우커,아쿠처,아우커,아후터,아오처,하우터,아쿠트,아쿠처,아후트,아쿠처,3,ㅇ
overhead,오버헤드,오버호두,오버헤르,꼬버헤드,에버헤드,오배헤느,코버헤르,오버에드,오배헤드,호버헤드,우버헤드,오버헤두,오버해쓰,오버케브,오버헤디,오버헤스,오버헤드,오배케드,오버해드,오버히드,오버헤뜨,오버회드,코버헤드,오브헤드,호버헤브,오버에드,코버헤드,오버호두,오버헤두,오버에드,오버호두,오버해쓰,코버헤드,코버헤드,오배헤드,코버헤드,오배헤드,오버에드,오배헤드,오브헤드,오버헤두,코버헤드,오버호두,오배케드,오브헤드,오버헤두,호버헤드,오브헤드,오버히드,오버헤두,오배케드,코버헤드,코버헤드,오버히드,오배헤드,오배헤느,오버히드,오버해드,오배케드,오버해드,오버호두,오버헤두,오버헤드,오버에드,코버헤르,코버헤드,오버호두,오배케드,오배케드,오버헤스,오버호두,오버케브,오버헤드,오버해드,오버헤드,우버헤드,오버호두,오버케브,코버헤드,코버헤드,4,ㅇ
overlap,오벌랩,우밸랩,오벌립,꼬블랩,오벌냅,고번랩,우범랩,우벌랟,고벌랩,오뻘랩,오범랩,오번램,오밸랩,우벌럽,오덜랩,오벌맵,오벌럽,오벌랟,오멀랩,오펄랩,오벌렙,오벌랩,코벌랩,호벌랩,오번램,오벌럽,코벌랩,오벌랟,오번램,오벌렙,오펄랩,오번램,고벌랩,코벌랩,오밸랩,오뻘랩,오펄랩,오벌랩,오번램,오번램,오벌맵,오벌맵,오벌맵,오멀랩,오번램,우벌랟,우벌랟,오펄랩,오번램,오번램,오펄랩,오멀랩,고벌랩,오펄랩,오펄랩,오멀랩,오펄랩,오번램,오벌럽,오벌맵,오벌럽,오펄랩,오펄랩,오벌럽,오번램,오벌냅,오벌럽,오벌랟,오번램,우벌랟,오멀랩,오벌럽,우벌랟,오번램,오벌럽,오펄랩,오멀랩,우벌랟,오번램,오펄랩,3,ㅇ
pae,파이,빠우,타애,하이,파기,하끼,파이,파끼,파히,파우,파에,카이,파키,하우,파으,바이,파우,하이,파이,파우,타애,파에,파기,하이,하이,타애,하이,파키,파우,파히,파에,파우,파우,파이,파우,파우,타애,하이,파히,파히,파우,타애,파에,타애,바이,파에,파이,파키,타애,바이,타애,파우,파우,파키,하우,빠우,하끼,파이,파우,파키,타애,빠우,파히,파에,파키,파이,파끼,파우,하이,파우,하이,파키,파키,파키,하이,하이,타애,바이,파키,파히,2,ㅍ
page,페이지,페이치,페이제,페이시,패이지,페키지,페우치,페위지,피이시,페이재,페이찌,케이제,페우지,페이주,페기지,푀이씨,페이즈,헤이찌,페이지,페애쥐,메이치,포이지,메이지,포이지,페이찌,페이지,페이재,메이지,페기지,메이지,페이치,페이찌,페이찌,메이지,메이지,페우치,페이찌,페기지,헤이찌,메이지,페이주,푀이씨,푀이씨,푀이씨,페이치,페이주,페기지,페우치,푀이씨,페우지,페이지,메이지,페이주,푀이씨,페기지,페이찌,페이치,페이치,포이지,페위지,페이찌,푀이씨,페우치,패이지,페기지,푀이씨,패이지,포이지,페우치,푀이씨,페기지,페우지,페기지,메이지,푀이씨,페이주,페기지,페이찌,메이지,메이치,3,ㅍ
page directory,페이지 더렉터리,페이지 대렉터래,페이지 더렉터리,페이재 더렉터리,포이지 더렉써리,페이지 더렉떠리,페이재 더렉터르,뻬이지 더렊터리,페이지 더렉터르,페이제 더렣터리,헤이지 더렉터리,페이지 더랙처리,페이지 더렊터리,페이씨 더릭터리,피이지 더렉터리,페히지 더렉터리,페이지 더렉터레,페이시 더렉터리,페이지 터렉터르,페이지 더렉터레,페이재 더렉터르,페이씨 더릭터리,페이재 더렉터리,페이지 더렉터레,페이재 더렉터리,페이재 더렉터리,페이지 더렉터르,페이재 더렉터리,헤이지 더렉터리,페이재 더렉터리,페이재 더렉터르,헤이지 더렉터리,페이시 더렉터리,페이지 더렉터레,페이지 더렉터레,페이지 더렉터르,페이지 더렉터레,헤이지 더렉터리,페이지 더렉터레,뻬이지 더렊터리,페이지 더렉터레,페이지 더렉터르,페이재 더렉터리,헤이지 더렉터리,페이시 더렉터리,헤이지 더렉터리,포이지 더렉써리,페이지 더렉터르,페이지 더렉터르,페이재 더렉터리,페이재 더렉터리,페이지 더렉터레,페이시 더렉터리,페이재 더렉터리,페이지 더렉떠리,페이지 더렉터레,페이시 더렉터리,페이씨 더릭터리,페이지 더렉터르,페이씨 더릭터리,페이재 더렉터리,페이지 더렉터르,페이지 더렉터레,페이재 더렉터르,페이지 더렉터레,헤이지 더렉터리,헤이지 더렉터리,페이지 더렉터르,뻬이지 더렊터리,페이재 더렉터르,헤이지 더렉터리,페이지 더렉터레,페이지 더렉터리,페이시 더렉터리,페이재 더렉터리,페이지 더렉터레,페이지 더렉터르,페이제 더렣터리,헤이지 더렉터리,페이제 더렣터리,8,ㅍ
page table,페이지 테이벌,페끼지 테이벌,페이지 테이범,푀이지 테이벌,페이지 케이블,페이지 테이밸,페이찌 테이벌,페이지 테이블,페이지 테위벌,페이지 케이벌,푀이씨 테이벌,페이지 체이벌,페이지 테이번,패이지 테이벌,페이지 테이벌,페이지 테이멀,포이지 테이덜,푀이씨 테이벌,페이찌 테이벌,페이찌 테이벌,페끼지 테이벌,푀이지 테이벌,페이찌 테이벌,페이지 테이벌,페이지 테이번,패이지 테이벌,페이지 케이벌,페이지 테이블,페이찌 테이벌,포이지 테이덜,페이지 테이블,페이지 케이블,페끼지 테이벌,패이지 테이벌,페이지 테위벌,페이찌 테이벌,페끼지 테이벌,페이지 테이블,패이지 테이벌,페이지 케이벌,페끼지 테이벌,페이지 테이블,페이지 케이벌,페이지 체이벌,페이지 테이블,페이지 케이벌,페이지 테이블,페이찌 테이벌,페이지 테이범,패이지 테이벌,푀이씨 테이벌,푀이씨 테이벌,페이찌 테이벌,페이찌 테이벌,페끼지 테이벌,포이지 테이덜,페이지 테이번,페이찌 테이벌,페이지 케이블,푀이지 테이벌,페이지 테이블,포이지 테이덜,페이지 케이벌,페이지 테이블,포이지 테이덜,포이지 테이덜,푀이씨 테이벌,페이지 케이블,패이지 테이벌,페이지 테이범,페이찌 테이벌,패이지 테이벌,페이찌 테이벌,페끼지 테이벌,페이지 체이벌,포이지 테이덜,페이찌 테이벌,페이지 테이벌,포이지 테이덜,포이지 테이덜,7,ㅍ
paged out,페이지드 아우트,페이지드 아우트,포이지드 아우트,페이제드 아우트,페이지드 아구트,페애지드 아우트,페이지드 하우트,페에시드 아우트,페이지드 아우튀,페이찌드 아우트,페이지드 아오트,페이주드 아우크,피이지드 아우트,페이지드 아꾸터,페이지더 아우트,푀이지드 아오트,케이지드 아우투,페이지드 아후트,페이쥐드 아우트,페이지드 카우트,페이지더 아우트,페이주드 아우크,페이지드 하우트,페이지드 카우트,페이지더 아우트,페이주드 아우크,페이지더 아우트,케이지드 아우투,페이지드 아후트,페이쥐드 아우트,페이지드 아우트,페이지더 아우트,페이지드 아우트,페이찌드 아우트,페에시드 아우트,페이주드 아우크,페이주드 아우크,페이지드 카우트,페이지더 아우트,페이지더 아우트,페이지더 아우트,케이지드 아우투,케이지드 아우투,페이쥐드 아우트,페이지더 아우트,페이지더 아우트,포이지드 아우트,페이주드 아우크,페이쥐드 아우트,피이지드 아우트,페이지드 카우트,페이지더 아우트,페에시드 아우트,페이찌드 아우트,페이지더 아우트,페이지더 아우트,페이지드 아후트,페이지더 아우트,페에시드 아우트,페이지더 아우트,페이제드 아우트,페이지더 아우트,피이지드 아우트,페이주드 아우크,케이지드 아우투,페이지더 아우트,페이지더 아우트,페이지더 아우트,케이지드 아우투,페이주드 아우크,페이지더 아우트,페이쥐드 아우트,페이지드 카우트,페이쥐드 아우트,페이주드 아우크,페이지더 아우트,페이지더 아우트,페이지드 하우트,페이쥐드 아우트,페이주드 아우크,8,ㅍ
paging,페이징,페애징,페이싱,베이찡,페끼쟁,페이칭,포이징,푀이짘,페이징,푀키징,피이징,페이중,페끼징,페이직,페이짂,푀이징,포애징,페끼칭,헤이징,페이씽,페히징,페이증,페에징,페키짂,페이중,베이찡,포이징,피이징,피이징,푀이짘,페애징,페히징,페이징,페에징,페히징,페히징,페애징,페에징,피이징,페애징,페애징,페이짂,페이중,페이칭,피이징,페이직,페에징,포이징,베이찡,피이징,페에징,페에징,푀이짘,푀이짘,페에징,포이징,페에징,피이징,푀이징,푀이징,페이중,베이찡,페히징,페이칭,페이짂,베이찡,페이징,페에징,페애징,포애징,페이짂,페에징,피이징,페이칭,피이징,푀이짘,페에징,피이징,피이징,베이찡,3,ㅍ
pair,페어,패어,뻬애,푀어,케어,페허,페어,페애,피애,뻬어,포허,푀애,테어,헤어,케꺼,베으,페커,헤애,패으,포애,헤어,헤애,뻬어,뻬애,피애,푀애,뻬어,포애,페어,뻬애,포애,포애,헤애,피애,케꺼,헤어,케꺼,뻬애,피애,피애,헤애,뻬애,피애,피애,테어,포애,포허,뻬애,포애,뻬애,뻬애,피애,포애,페허,뻬어,포애,푀애,페어,뻬애,포애,뻬어,포허,뻬애,뻬애,피애,뻬애,포애,뻬애,페허,헤애,포애,페애,포애,케꺼,페애,헤애,페커,포애,포애,뻬어,2,ㅍ
parallel,페럴렐,푀럴렐,패럴렐,케럴넬,패를렐,피럴랠,테럴랠,페럴멜,헤럴렐,페럼렐,뻬럴렌,뻬널렐,포럴렐,피럴렘,페럴릴,페럴렘,페럴렐,페럴뢸,페를렐,페럴렌,포럴렐,포럴렐,페럴멜,페럴릴,푀럴렐,페럴뢸,패를렐,패를렐,푀럴렐,페럴릴,페럴렐,케럴넬,페럴렐,페럼렐,패럴렐,페럴릴,패럴렐,푀럴렐,케럴넬,페럴멜,페럴릴,페럴릴,페럴릴,푀럴렐,패를렐,패를렐,페럴릴,푀럴렐,패럴렐,포럴렐,푀럴렐,푀럴렐,패럴렐,페럴릴,패럴렐,페럴뢸,패럴렐,페를렐,푀럴렐,패를렐,페럴멜,패럴렐,포럴렐,패를렐,패를렐,페럴멜,페럼렐,페럴릴,푀럴렐,푀럴렐,페럼렐,푀럴렐,뻬널렐,페럴뢸,페럴릴,포럴렐,피럴렘,페럴릴,패를렐,페럴릴,3,ㅍ
part,파트,마트,빠티,카투,하프,빠스,파크,파터,파츠,파티,파트,카트,파튀,파티,파티,빠티,파티,파츠,빠스,파티,파티,파트,파츠,빠티,파트,파티,파티,파트,빠티,파츠,파츠,파츠,파츠,파티,마트,빠티,마트,파티,빠스,파티,하프,파츠,빠스,빠스,카트,카트,파츠,파티,파츠,파츠,빠티,빠스,빠티,카트,파티,파티,파터,파티,카트,카트,마트,파츠,파티,카트,파츠,카트,파츠,파티,빠스,파츠,파트,파티,빠스,파티,파츠,파츠,파티,카트,빠티,파티,2,ㅍ
partition,파티션,파튀션,파티셜,파피셜,파티뗜,타티쳔,파투션,파테션,파태션,파티쎤,파티션,파투젼,파티젼,파키션,파튀쎤,파트젼,파키션,파태션,파티셜,파태션,파티뗜,파투젼,파티션,파키션,파티션,파키션,파티셜,파티션,파키션,파태션,파키션,파투젼,파태션,파티젼,파티쎤,파태션,파키션,파키션,파키션,파티션,파티셜,타티쳔,파테션,파티쎤,파티젼,파티쎤,파태션,파티쎤,파투젼,파키션,파키션,파키션,파태션,파투젼,파키션,파키션,파태션,파키션,파튀쎤,파키션,파태션,파키션,파태션,파태션,파티쎤,파튀션,파키션,파키션,파투젼,파티쎤,파키션,파트젼,파태션,파티쎤,파태션,파티쎤,파티쎤,파키션,파티션,파튀션,3,ㅍ
pentium,펜티엄,폰티엄,펜튀음,펜테험,펜치엄,펜피엄,펜피컴,펜티앰,펠티음,푄티엄,펜티검,팬티컴,펜태업,펠티험,켄티검,펜트엄,펜테엄,펜티얼,펜디음,펜티엄,뻰티음,팬티앰,펜티엎,펜티음,팬투엄,펜티엎,뻰티음,펠티음,펜티엄,뻰티음,펠티음,펜트엄,뻰티음,폰티엄,펠티험,펜디음,펠티험,펜트엄,펜티엄,펜티음,푄티엄,펜트엄,펜티엄,펜티얼,켄티검,팬티컴,펜테험,뻰티음,켄티검,펜티엄,펜피컴,뻰티음,펜티앰,뻰티음,펠티험,펜티엄,뻰티음,펜테엄,뻰티음,펜디음,뻰티음,팬티앰,펜티엎,켄티검,펜티엄,펜티검,폰티엄,팬티앰,펜티얼,펜테엄,뻰티음,뻰티음,뻰티음,펜티검,팬티앰,폰티엄,뻰티음,펠티음,뻰티음,펜티얼,3,ㅍ
performance,퍼포먼스,허포믄스,퍼포맨스,퍼코먼스,패포먼스,허포맨스,퍼보먼스,퍼푸먼스,퍼포먼스,퍼포맨트,퍼포믄스,퍼포번스,허포먼서,퍼호뻔스,퍼토먼스,퍼포넌스,프포먼스,퍼포런스,퍼페먼스,퍼페먼스,퍼페먼스,퍼포맨스,퍼포먼스,퍼포먼스,퍼푸먼스,퍼푸먼스,허포먼서,퍼포런스,퍼호뻔스,퍼호뻔스,허포믄스,퍼호뻔스,허포먼서,허포먼서,퍼포먼스,퍼포맨스,퍼호뻔스,퍼푸먼스,퍼푸먼스,허포먼서,허포먼서,퍼보먼스,허포맨스,퍼호뻔스,허포맨스,허포먼서,허포맨스,퍼보먼스,허포맨스,퍼호뻔스,퍼포맨스,퍼포먼스,퍼푸먼스,퍼포맨스,퍼보먼스,허포먼서,퍼호뻔스,퍼호뻔스,허포먼서,퍼호뻔스,퍼호뻔스,퍼보먼스,퍼보먼스,퍼페먼스,퍼호뻔스,허포먼서,퍼포맨스,허포믄스,퍼푸먼스,퍼포먼스,퍼보먼스,퍼포맨트,퍼포맨트,퍼호뻔스,퍼호뻔스,퍼호뻔스,퍼보먼스,허포먼서,퍼토먼스,퍼포런스,4,ㅍ
physical,피지컬,피지컴,피지펄,히지털,피지컬,페지털,페지컬,피치컨,푸지캘,티지캘,피지컨,퓌지컬,피치컬,히지컬,피치클,피찌털,피지클,페지캘,프지컬,피찌컬,피찌클,피지캘,피지컴,히지털,피찌클,티지캘,티지캘,티지캘,티지캘,피찌컬,페지털,피지컴,피지컬,페지털,푸지캘,피지컴,피지클,티지캘,푸지캘,피찌클,피찌털,히지털,피지클,푸지캘,피찌클,피찌클,히지털,피지컴,피지클,티지캘,페지캘,피지캘,피찌클,프지컬,페지컬,티지캘,피지컴,히지털,피지펄,티지캘,히지컬,피치컨,티지캘,푸지캘,히지털,피지클,피지컬,티지캘,페지털,페지캘,피찌클,피지컴,퓌지컬,페지털,티지캘,페지컬,피지캘,피치컬,페지컬,프지컬,3,ㅍ
pid,피아이디,패아이디,피아이디,히아이디,퓌아이디,피아끼디,피아이리,히가이디,키아끼디,피아키디,피까히디,페아이티,피아애디,피아이두,피카끼디,푸까이디,피아히디,피아으디,피아이비,히아이디,피아키디,피까히디,히아이디,퓌아이디,퓌아이디,피까히디,피까히디,피아키디,피아히디,피아으디,피아이디,피아이디,히아이디,피아으디,퓌아이디,피아키디,히아이디,키아끼디,패아이디,피아애디,키아끼디,페아이티,피까히디,피까히디,히아이디,피까히디,패아이디,히가이디,히아이디,키아끼디,푸까이디,피아이두,피아이두,히아이디,히아이디,패아이디,패아이디,피아키디,히아이디,히아이디,피아이비,피아끼디,패아이디,페아이티,히아이디,피아히디,페아이티,피아으디,피아히디,피아이비,피까히디,피까히디,피까히디,피까히디,피아애디,히아이디,피아애디,피까히디,피까히디,피까히디,4,ㅍ
pn,피엔,피헨,피엘,패헨,미엔,히엔,미겐,티겐,피겐,히엘,퓌엔,미온,히겐,피엔,퓌왼,피엠,피켄,프엔,비엔,미켄,피왼,키왼,패겐,미엔,퓌왼,프엔,히엔,피엔,티겐,퓌왼,피엔,퓌왼,퓌왼,비엔,미온,피헨,미엔,키왼,비엔,퓌왼,퓌왼,퓌왼,미엔,피헨,패헨,티겐,비엔,피엔,퓌왼,퓌왼,히엘,프엔,피왼,티겐,티겐,퓌왼,퓌왼,퓌왼,퓌왼,히엘,퓌왼,피헨,미온,퓌왼,퓌왼,히엔,티겐,히겐,히엔,패겐,퓌왼,퓌왼,히겐,피엠,퓌왼,티겐,미엔,피헨,피엔,히엘,2,ㅍ
pointer,포인터,포인터,포은터,푀인터,포임처,호인터,호운터,포긴터,푀앤터,포앤태,푸인터,포인커,호인퍼,코인터,포인처,포낀터,포킨처,포앤커,포힌터,포인태,토인터,호인태,포인트,포앤커,호인퍼,호인퍼,포앤태,토인터,포낀터,포인처,호운터,푸인터,포킨처,토인터,포낀터,푀인터,포킨처,포낀터,코인터,포앤태,포낀터,포킨처,포낀터,푀인터,포앤태,토인터,포킨처,포은터,포인처,포앤커,포앤커,포인트,포임처,토인터,토인터,포인트,포앤커,포앤커,포긴터,포앤커,포임처,포앤커,포인트,토인터,호인터,포인트,포임처,포인트,포낀터,포인트,포임처,포임처,푸인터,포인터,토인터,호인태,토인터,푀인터,포인커,포앤태,3,ㅍ
policy,팔러시,팔러새,팔러쉬,팔래시,팔러디,팔러치,팔르씨,팔러씨,팜러시,팔러스,빨러씨,팔러티,팔러시,팔머시,할르시,발르시,팔르시,판러시,팔르디,팔래시,팔러쉬,할르시,팔래시,팔르씨,팔르디,팔르씨,팔러치,빨러씨,팔러쉬,팔래시,팜러시,팔러쉬,팔르디,빨러씨,팔머시,팔르시,팔르시,빨러씨,판러시,팔러디,팔르디,팔러디,할르시,팔르씨,팔러새,팔르시,할르시,팜러시,팔머시,팔르씨,팔르디,할르시,팔머시,팔르씨,팔러새,팔르시,빨러씨,팔래시,팔르디,팔러디,팔머시,팔러디,팔머시,팔러티,팔러새,팔래시,판러시,팔러새,팔러쉬,팔르씨,팔르디,팔러디,팔러디,팔르씨,팔르디,팔르디,팔러쉬,팔래시,팔르씨,팔르씨,3,ㅍ
portion,포션,포션,보셜,페션,푀션,포셤,포텬,포젼,호뗜,모션,푸쳔,포셜,포쎤,푸션,코션,코션,페션,모션,코션,코션,코션,모션,포텬,포션,코션,푀션,푀션,모션,푸션,포젼,모션,푸쳔,푀션,포션,포텬,호뗜,코션,코션,포션,포셜,푀션,포션,모션,포션,포션,코션,푀션,푸쳔,모션,페션,포션,푀션,푀션,포션,코션,포텬,모션,포셤,포션,포션,푀션,푸션,보셜,호뗜,포셤,푸쳔,포션,푸쳔,포션,포젼,호뗜,호뗜,포션,포션,모션,포션,코션,코션,포텬,푸쳔,2,ㅍ
possible,파서벌,파서벌,바써벌,파서덜,파서밸,파서블,파스벌,파쩌벌,파스밸,파스번,파서펄,파저벌,파서멀,하서벌,파서번,하서벌,파서블,하서벌,바써벌,파저벌,파서벌,파서블,파스밸,파저벌,바써벌,파쩌벌,파쩌벌,파서번,파스밸,파쩌벌,파쩌벌,파서블,하서벌,파서벌,파서밸,바써벌,파서벌,파서벌,파쩌벌,하서벌,파스번,하서벌,파서블,바써벌,파서블,파스벌,파서벌,파스밸,파서밸,파쩌벌,파서블,파쩌벌,파서블,파서펄,파서벌,파서벌,파스번,바써벌,파서번,파서블,파스밸,파서블,파쩌벌,파서블,파서번,파서번,바써벌,파서밸,하서벌,파서블,파서블,파쩌벌,파스밸,파서블,파서벌,파서블,파스밸,파서밸,파서벌,파서블,3,ㅍ
problem,프라블럼,프라빌럼,피나블럼,퍼라벌럼,프라블런,브라들럼,퓌라블럼,피라블런,크라블럼,프라븐럼,프라쁠럽,쁘라블럼,프라쁠럼,프라플럼,푸라블럼,프라믈럼,프라블럼,트라블럼,퍼라믈럼,프라블름,브라블럼,프라블름,크라블럼,프라플럼,피라블런,프라쁠럽,피나블럼,프라블럼,프라블름,프라쁠럽,쁘라블럼,쁘라블럼,프라쁠럽,피나블럼,쁘라블럼,프라블름,쁘라블럼,쁘라블럼,프라쁠럽,피라블런,프라블럼,프라블름,브라들럼,퍼라믈럼,프라븐럼,프라블름,쁘라블럼,프라블럼,쁘라블럼,프라븐럼,크라블럼,프라쁠럽,크라블럼,쁘라블럼,쁘라블럼,푸라블럼,쁘라블럼,피나블럼,퍼라믈럼,프라플럼,프라쁠럽,프라븐럼,프라쁠럽,프라쁠럽,퍼라벌럼,프라블런,피라블런,프라블름,쁘라블럼,프라쁠럽,프라블름,퍼라벌럼,프라븐럼,프라블름,프라블름,프라블름,퍼라믈럼,프라븐럼,프라쁠럽,프라블럼,4,ㅍ
process,프라세스,프라세시,프라소스,프라세쓰,프라세드,프라테드,프나세스,흐라세스,피라세스,트라세스,크라세스,프라세쯔,트라세수,프라소수,프라새스,프라세서,프라세수,프라세스,프라세쉬,프라세즈,프라쎄스,프라데스,프라데스,프라세스,프나세스,프라테드,크라세스,트라세수,흐라세스,프나세스,프라세스,프라세쉬,프라세즈,프라세스,프나세스,프나세스,프라세드,피라세스,흐라세스,프나세스,트라세수,프라세드,프라테드,프라세스,흐라세스,프나세스,프라세쉬,프라데스,프라테드,프라데스,크라세스,피라세스,피라세스,프라세쉬,피라세스,프라소스,프라세드,프라세드,흐라세스,트라세수,프라세쉬,프라세쉬,프라세쉬,트라세수,프나세스,프라소수,프라테드,흐라세스,트라세수,프라세드,프라데스,피라세스,흐라세스,프라세쉬,프나세스,트라세수,프라세쉬,프라테드,프라데스,프라테드,4,ㅍ
program,프로그램,프로거랲,프로크랜,프로그램,퍼로그램,프모그램,프로그럼,프로그냄,크로그램,쁘로그램,프레거램,흐로그램,프로그랩,푸로끄램,프로귀램,프루그램,프뢰그램,프로그랠,프로끄램,프모그램,프모그램,프로크랜,프로끄램,쁘로그램,프로끄램,프로거랲,프로그랩,프로거랲,프로끄램,프로끄램,흐로그램,프로그랩,프로거랲,프로크랜,프로끄램,프로그랠,프로끄램,흐로그램,흐로그램,프로끄램,프로끄램,프로끄램,쁘로그램,프로그랠,쁘로그램,프로그랩,퍼로그램,프로그랩,프모그램,프로끄램,퍼로그램,프로그랩,프로그랠,프로거랲,푸로끄램,프로그랩,퍼로그램,쁘로그램,프뢰그램,프모그램,프로끄램,프로크랜,프로끄램,프로끄램,프로끄램,프뢰그램,프로그램,프로크랜,쁘로그램,프로끄램,프로크랜,프로그랩,흐로그램,프뢰그램,프로거랲,프로거랲,프로끄램,흐로그램,프로거랲,푸로끄램,4,ㅍ
programming,프로그래밍,프로그래밓,프로그래뭉,푸로그래삥,프레으래밍,프로그래삥,프로그래밐,프로그래뮝,프로크래밐,프루그래밍,프로그래믹,프로구래밍,프로거래밍,프로그매믺,프로그래맹,프로끄래맹,흐로그래밍,브로그래밍,프로그래밍,프로크래뭉,프로구래밐,크로그래믕,프로크래밍,프로크래뭉,프로그래뭉,프로그래삥,프로그래맹,푸로그래삥,크로그래믕,프로그래맹,프로크래뭉,푸로그래삥,프로그래맹,프로구래밍,프로그래맹,프로그매믺,프로그래맹,프로그래뭉,프로그매믺,프로그래밐,프로구래밐,프로그래뮝,프로그래뮝,크로그래믕,프로그래맹,프로그매믺,프로그래삥,흐로그래밍,흐로그래밍,흐로그래밍,프로크래뭉,프로그래밓,프로그래밓,프로그래삥,프로그매믺,프로그래맹,프로그래맹,푸로그래삥,프로크래밍,프로구래밐,프로그래삥,프로구래밐,프로구래밐,프로끄래맹,프로그래맹,프로그래맹,푸로그래삥,크로그래믕,푸로그래삥,프로구래밍,프로구래밐,프로크래뭉,프로그래맹,프로그래맹,프로그래밐,프로그래삥,프로크래밐,프로그래뭉,프로그래맹,프로구래밐,5,ㅍ
prot,피알오티,히알오티,피알오치,비알오테,퓌알오티,피알오피,피알오티,피알꼬티,히알오치,피칼오티,피알오테,프암오티,피알오튀,피알외티,피알코티,피알에티,비알오티,비알오티,피알꼬티,히알오티,비알오티,비알오테,피알코티,피알오테,피알코티,비알오테,비알오티,피알오티,피알꼬티,피알오치,비알오티,피알오튀,퓌알오티,피알코티,비알오티,비알오테,피알코티,피알코티,비알오티,히알오티,비알오테,피칼오티,비알오티,피알오튀,히알오티,피알코티,피알코티,피알꼬티,피알오치,피알오피,피알오치,피알오티,비알오티,피알오티,비알오티,피알꼬티,히알오치,피칼오티,피알코티,피알오튀,피알코티,히알오티,피알코티,피알오치,피알오치,히알오치,피칼오티,비알오티,비알오티,비알오티,비알오테,피알오치,피알코티,피알오치,피알코티,히알오티,히알오치,피알오튀,피알꼬티,히알오티,4,ㅍ
protection,프러텍쎤,프러퇵뗜,프래텍쎤,프래택쎤,프러첵쎤,프러덱쎤,프러텍쎤,쁘러텍쎤,프러텍젼,프러텎쎤,프러쎅쎤,흐러텍쎤,퍼러텍쎤,크러펙쎤,프러텍뗜,흐러텧쎤,프머텍쎤,프너텍쎤,프르켁쎤,프르텍쎤,프러텧쎤,프러퇵뗜,프래텍쎤,흐러텧쎤,프러텍쎤,프러텎쎤,프래텍쎤,프너텍쎤,흐러텧쎤,프러텍쎤,프래택쎤,프러덱쎤,프너텍쎤,크러펙쎤,프러텍쎤,프르켁쎤,프러텍쎤,퍼러텍쎤,프너텍쎤,프르텍쎤,프러퇵뗜,프르텍쎤,프너텍쎤,프너텍쎤,프르텍쎤,쁘러텍쎤,프러덱쎤,프래택쎤,크러펙쎤,프러덱쎤,프너텍쎤,프래텍쎤,프러쎅쎤,프러덱쎤,프러텍쎤,프래텍쎤,프러퇵뗜,프르텍쎤,프러쎅쎤,프러덱쎤,쁘러텍쎤,흐러텧쎤,프러덱쎤,프르텍쎤,크러펙쎤,프래택쎤,프러텍쎤,프러덱쎤,프러퇵뗜,프러쎅쎤,프너텍쎤,프러텎쎤,프러텍쎤,프러퇵뗜,프너텍쎤,프러텍쎤,프러쎅쎤,프래텍쎤,프러첵쎤,프르텍쎤,4,ㅍ
ptbr,피티비알,페티비알,피티비할,피시비알,피티비알,피치비깔,피치비칼,프티비알,미티비알,미피비알,피티부알,패티디알,패티브알,피티브안,피티피알,피테비알,피티비깔,피치비깔,피티브안,패티브알,피티피알,피티브안,미티비알,피티브안,피티피알,피티브안,피티피알,피테비알,미티비알,피티부알,패티브알,피시비알,피시비알,피티브안,피치비깔,피테비알,미피비알,피티피알,피티브안,피티브안,프티비알,피치비깔,피티브안,미피비알,피시비알,패티브알,피치비깔,패티브알,피티피알,패티브알,미피비알,피티브안,피티브안,피치비깔,피티브안,피티비깔,피시비알,페티비알,미티비알,피티브안,패티브알,피티피알,피티브안,피티브안,피티브안,피티브안,패티브알,패티브알,피시비알,피티브안,피시비알,피시비알,피티브안,피티브안,피티브안,피시비알,피티브안,피티브안,피치비깔,피티피알,4,ㅍ
pte,피티이,키티기,피티이,삐티이,삐티우,페투이,피티키,피씨이,패티이,프티이,피테이,피태애,피치기,푸태이,피튀이,피티히,비티이,히티이,피테이,히티이,피튀이,피씨이,피티히,패티이,피티이,피씨이,피튀이,피태애,피티이,비티이,피티이,패티이,삐티우,피테이,피태애,피테이,피티키,피테이,피치기,패티이,피태애,피태애,피티이,히티이,피티이,피티이,히티이,삐티우,피씨이,피테이,피티키,피치기,피티이,피티이,삐티우,비티이,피티이,히티이,피태애,피태애,피튀이,피티키,피티키,피티키,피티이,피티키,피태애,피티히,피티키,피태애,피티키,프티이,피티키,피씨이,피치기,피티이,피태애,피튀이,피티히,피티히,3,ㅍ
ptes,피티이에스,피띠이에스,피티이이스,피투이에스,삐티이에스,피튀이에스,피티우에스,피티이오서,히티이에스,패티이에스,피치이게스,미티이에스,푸티이에스,피티이에스,피티이에쯔,피피이에스,피티애에스,피테이에스,피티히에스,피티끼에스,피티이께쓰,피티끼에스,피치이게스,패티이에스,피테이에스,피티이께쓰,피티이이스,피티이께쓰,피티끼에스,피튀이에스,피튀이에스,삐티이에스,피튀이에스,피티이오서,피티이오서,히티이에스,피튀이에스,피테이에스,피투이에스,피티이오서,피치이게스,피치이게스,삐티이에스,피티이이스,피피이에스,피티이오서,피투이에스,피티이오서,피치이게스,피테이에스,피테이에스,미티이에스,피티끼에스,피튀이에스,피티우에스,피티끼에스,피티이오서,미티이에스,피피이에스,피튀이에스,미티이에스,피투이에스,패티이에스,피테이에스,피튀이에스,피튀이에스,피치이게스,피치이게스,피치이게스,피치이게스,피테이에스,피테이에스,피티끼에스,피치이게스,미티이에스,피티이이스,미티이에스,피티히에스,피투이에스,피테이에스,5,ㅍ
ptlr,피티엘알,피테엘알,패티엘알,피티엠알,피태껠알,피태엘할,피티엘알,피티엔알,피태엘알,피키엘깔,피티일알,피티엘할,비테엘알,히티엘알,피티앨알,피치엘알,피티켈알,프티엘알,피티엘갈,피시엘알,피티엘깔,피티껠알,피티엔알,피티일알,피태껠알,피티엠알,피티일알,피테엘알,피티엘알,피태껠알,피태껠알,피태껠알,피테엘알,피티엘알,피태껠알,피테엘알,피티엘알,피티엠알,피티일알,피티일알,피티엘알,피티엘할,피티엘알,피티일알,피테엘알,피티엘알,비테엘알,피태엘할,피태껠알,피테엘알,피티엘알,피티엘알,피티일알,피티엘알,피티엘알,피티엘알,피티껠알,피태엘알,피태껠알,피티엘알,피티엘알,피티엔알,피티엠알,피티엘알,피티엘알,피티엘알,피티엘알,피티엘알,피태엘할,피티일알,피태껠알,피티일알,피티엘알,피태엘할,피시엘알,피태엘알,피티엘할,피티엘할,피태껠알,피티일알,4,ㅍ
quick,퀵,퓍,큭,킥,윅,튁,휙,쾩,퀶,큏,큉,쿡,큭,튁,킥,튁,큭,킥,큏,쿡,윅,쾩,윅,큏,큭,킥,큏,쿡,큉,튁,쿡,큏,큏,퀶,튁,큏,큏,쿡,큉,쿡,큭,윅,큉,큉,큭,윅,윅,큭,쾩,킥,큏,킥,쿡,윅,큭,튁,윅,쾩,쿡,킥,튁,쾩,큭,큏,큏,쿡,큏,큏,킥,튁,큭,킥,쿡,쾩,퀶,큏,큭,큉,큏,큭,1,ㅋ
ram,램,냄,럼,림,랩,랜,랠,렘,맴,랲,램,냄,랠,맴,랩,맴,냄,럼,랲,랠,랲,림,랩,맴,랠,맴,림,맴,랩,맴,랜,맴,랩,냄,림,림,랠,랩,랲,림,럼,랩,랩,맴,냄,냄,맴,랠,맴,냄,맴,림,맴,냄,랩,랠,랠,랩,랲,랲,냄,랩,랠,냄,맴,랠,냄,럼,림,랠,랜,맴,랠,럼,랠,랠,랩,랩,랠,냄,1,ㄹ
ratio,레이시오,레이수코,로이시우,래이시코,레이새오,레키시오,레에시오,레이디오,레이시꼬,레이시오,레히시오,래이새오,래이시오,레이찌오,네이시오,레이시호,레히스오,레이세오,레으시오,뢰이씨오,메이시오,레애시오,레이시외,래이시코,레애시오,레이수코,레으시오,레이수코,레이디오,레이디오,레이찌오,레으시오,레으시오,레에시오,래이시코,레이시외,레이찌오,레으시오,메이시오,레애시오,레이시호,레에시오,레으시오,네이시오,레이디오,로이시우,레이시호,레이디오,레이세오,레이디오,네이시오,래이시오,래이시코,래이시오,뢰이씨오,레이디오,레히스오,래이시코,레으시오,레이시꼬,래이시오,래이시코,레이시호,메이시오,레이찌오,레이수코,뢰이씨오,레으시오,래이시오,레애시오,레이시오,레에시오,레으시오,레히시오,레이시외,레이세오,레이디오,레이디오,레이디오,래이시오,4,ㄹ
read,레드,리드,레뜨,네더,로스,뢰뜨,래드,레드,레디,레브,레두,메브,메드,레느,로드,레더,레드,로드,레드,리드,로드,레뜨,레디,메브,네더,레브,레뜨,메브,레드,레디,레드,레브,레디,레디,레브,레브,레드,리드,레드,메브,레드,래드,레드,레드,리드,레브,뢰뜨,레디,레디,레드,로드,리드,레드,레디,레느,뢰뜨,로드,리드,로드,레뜨,뢰뜨,메브,레디,메브,레브,로스,레드,레브,레드,레드,리드,메브,레브,레뜨,네더,레뜨,레드,로드,뢰뜨,레디,2,ㄹ
real,릴,릴,림,랠,린,밀,닐,룰,릴,릴,릴,릴,릴,릴,릴,릴,닐,릴,룰,릴,릴,릴,닐,림,룰,릴,릴,릴,릴,릴,릴,릴,릴,릴,릴,릴,룰,룰,릴,릴,릴,림,릴,릴,릴,닐,릴,릴,릴,릴,릴,릴,릴,릴,랠,릴,릴,릴,릴,릴,릴,릴,닐,릴,릴,룰,릴,릴,릴,룰,릴,닐,릴,랠,릴,릴,릴,릴,릴,릴,1,ㄹ
realistic,리얼리스틱,리얼래스텍,리얼리스틲,레얼리스틱,리얼리수틱,리을리스틱,니얼리스틱,리걸리스틱,리엄미스틱,르얼리스틱,리얼리스딕,리얼리스튁,리얼리뜨틱,리얼리스틱,리얼래스팅,니얼리스틲,리얼리스팅,리을리스텍,리컬리스틱,리얼래스틱,리얼레스틱,리앨리스틱,리컬리스틱,리얼리수틱,리얼리스팅,리얼래스팅,니얼리스틱,리걸리스틱,리을리스텍,리앨리스틱,리앨리스틱,리컬리스틱,리을리스틱,리걸리스틱,리얼리스틱,리얼리스틱,니얼리스틱,르얼리스틱,리얼레스틱,리앨리스틱,리을리스텍,리을리스텍,리얼리스팅,리컬리스틱,리을리스틱,리앨리스틱,리컬리스틱,르얼리스틱,니얼리스틲,리컬리스틱,리걸리스틱,르얼리스틱,리얼래스텍,리컬리스틱,리얼리수틱,리을리스텍,리앨리스틱,리을리스틱,니얼리스틲,니얼리스틲,리얼리수틱,리얼리수틱,리얼레스틱,리얼리스팅,리을리스텍,리앨리스틱,니얼리스틲,르얼리스틱,리얼리수틱,리을리스텍,리컬리스틱,리컬리스틱,리얼리스틱,리앨리스틱,리컬리스틱,리얼리수틱,리얼리스틲,리얼레스틱,리얼리스틲,리얼래스텍,5,ㄹ
reduce,러두스,래두서,러뒤시,머두쉬,르두스,러두스,러두드,래두스,너두스,러도수,러두쉬,러루스,러뒤스,러누스,래부스,러부시,러쑤서,러루서,러루드,러두즈,러도스,러두서,러뚜스,래두서,러두즈,러뒤스,러뒤시,러두즈,러두즈,러쑤서,러도수,러뒤스,러뒤스,러루스,러도스,래두서,러루드,러뒤스,러루드,머두쉬,러뒤시,러뒤스,래두서,러뒤시,러두즈,러뒤시,러두즈,러두드,러뒤시,러두드,러도수,머두쉬,러두스,러두스,러뒤시,러뒤스,러두즈,러두드,러두스,러부시,머두쉬,러두즈,러뒤스,러두즈,러두즈,러뚜스,러쑤서,르두스,러도수,러쑤서,러쑤서,머두쉬,러도수,래두서,래두서,러두즈,러도스,러두즈,머두쉬,러뒤스,3,ㄹ
reference,레퍼런스,뢰커런스,레퍼럴스,레패런서,레프먼스,레퍼런스,레퍼런수,레퍼런서,레뻐런스,레퍼런트,로퍼런스,메퍼랜스,레패런스,레퍼럼스,레프런스,리퍼런스,레패럴스,네퍼런스,레허럼스,레퍼넌스,뢰퍼랜스,레퍼랜스,네퍼런츠,레퍼럴스,레패런스,레패럴스,레패런스,레뻐런스,뢰퍼랜스,레퍼넌스,레패런스,뢰커런스,레프런스,레퍼럴스,레패럴스,로퍼런스,레퍼런수,레프런스,레패런서,레퍼런수,레패럴스,레패럴스,레패럴스,네퍼런스,레퍼럴스,뢰커런스,레퍼런수,레프런스,레패럴스,리퍼런스,레프런스,레패럴스,뢰퍼랜스,레패런스,레패럴스,레프먼스,레패럴스,레패런스,레패런서,레패럴스,레패런스,레패런스,레허럼스,레프먼스,레프런스,레패럴스,네퍼런스,로퍼런스,레패런스,레허럼스,레패런스,리퍼런스,레패런스,네퍼런츠,뢰커런스,레뻐런스,레패런스,레퍼넌스,레패런서,레프런스,4,ㄹ
register,레지스터,로지스트,레지서처,레찌스터,레찌스트,래지스커,레지시터,레쥐스터,레즈스터,레지쓰터,레지수터,래지스터,레지스터,레지스태,레쥐스태,레지쓰퍼,레지스커,레지서터,래지스커,레지수터,레쥐스터,레지스태,레지시터,레지수터,레지스태,레찌스터,레지수터,레지스태,레쥐스터,레지시터,레지스태,로지스트,레지시터,레지스태,레지스태,레지스태,레지수터,레지쓰퍼,레지수터,레지스태,레지스태,레지스태,레지스태,레지스태,래지스터,로지스트,레지수터,레지스태,레지수터,레지스태,레지스태,레지수터,래지스터,레지시터,레쥐스터,레지스태,로지스트,레지수터,레지시터,로지스트,레지스태,레지스태,레지시터,레쥐스터,레쥐스터,로지스트,레지스태,레지쓰퍼,레지서터,레지스태,로지스트,래지스커,레쥐스터,레지시터,레지수터,레지스태,레지스태,레지스태,레지스태,레지쓰퍼,4,ㄹ
reload,릴로드,릴로드,릴로뜨,랠모드,밀레드,릴로브,밀로드,릴노느,린로드,룰로브,림로드,랠로뒤,린루드,밀로더,밀뢰드,릴루디,를노드,랠루드,렐로드,릴로느,릴모드,릴레드,릴로더,릴모디,랠로뒤,릴로뜨,렐로드,릴로드,릴모드,릴노느,릴노느,릴레드,릴모디,렐로드,밀레드,룰로브,릴로브,밀레드,릴모디,를노드,밀레드,밀레드,밀로드,밀레드,밀뢰드,를노드,랠모드,렐로드,릴모디,릴로느,밀로드,랠로뒤,림로드,린루드,릴모디,랠로뒤,릴모드,랠로뒤,림로드,릴모디,룰로브,릴모드,밀로더,릴레드,릴모디,릴로더,릴로브,밀로드,림로드,림로드,린루드,릴모드,밀로드,릴로더,릴모디,랠루드,밀레드,릴모드,릴모드,릴로브,3,ㄹ
relocation,릴로케이션,를로께이션,밀로캐이션,릴로에이쎤,릴로께이션,릴로페이션,릴로케으션,릴로케끼션,릴로케키션,릴노케이션,밀로케이션,렐로케이션,릴로케이션,밀로케애션,릴로케이젼,릴로케기션,린로케이션,릴로테이션,린로케이션,린로케이션,밀로캐이션,릴로페이션,밀로케이션,릴로케이젼,릴로께이션,밀로케애션,린로케이션,릴로케이션,릴로케기션,밀로캐이션,렐로케이션,밀로케이션,릴로케이젼,릴로케기션,밀로케이션,밀로케애션,릴로페이션,릴로테이션,릴로케으션,릴로페이션,릴로케끼션,릴로테이션,릴로케기션,릴로케기션,밀로케애션,릴로케끼션,를로께이션,밀로케애션,렐로케이션,릴로케으션,릴로케이션,린로케이션,릴로케끼션,릴로케이젼,렐로케이션,릴로케끼션,를로께이션,릴로케끼션,릴로페이션,린로케이션,릴로케끼션,밀로케애션,밀로캐이션,밀로케이션,린로케이션,릴로케끼션,릴로페이션,를로께이션,릴로케기션,릴로케끼션,릴로에이쎤,밀로케애션,밀로캐이션,릴로케끼션,밀로캐이션,릴로페이션,릴로페이션,밀로케애션,밀로케이션,릴로케이젼,5,ㄹ
remember,리멤버,리벰버,리멘버,리멤더,리멤버,니뻼버,리멤배,르멤더,루멤버,리몸배,리몸더,래멤버,미뻼버,리몸버,리렘버,리렘브,리멤브,리멤퍼,리밈버,레멤버,리밈버,리밈버,니뻼버,리밈버,레멤버,리벰버,미뻼버,미뻼버,리밈버,리멤퍼,리벰버,리멤퍼,리벰버,리벰버,리멘버,리멤퍼,리멘버,리멤더,미뻼버,리멤퍼,리렘버,리밈버,리벰버,미뻼버,미뻼버,리멤더,니뻼버,미뻼버,니뻼버,리멘버,리멤더,리렘브,리밈버,리멘버,리멘버,리멤퍼,리벰버,르멤더,리몸배,미뻼버,리멤배,리멤더,르멤더,리멤버,리밈버,르멤더,리멘버,리벰버,니뻼버,미뻼버,르멤더,미뻼버,미뻼버,니뻼버,레멤버,리멤더,리벰버,미뻼버,레멤버,루멤버,3,ㄹ
replacement,리플레이스먼트,리픈레이스먼트,미플레이수먼트,리플레애스먼트,리픔레이스먼트,리펄레이스먼트,리플레이스멈트,리펄레히스먼트,리플네이스먼트,레플레이스먼트,리플레이스먼터,리필레기스먼트,래플레이스믄트,리플리이스먼프,리플레이스먼트,리플레이스믄트,리플레이드먼트,리플리이스먼프,리픔레이스먼트,리플레이드먼트,리플레이스믄트,리플레애스먼트,리플레이드먼트,래플레이스믄트,리플네이스먼트,리플레이스먼트,리플레애스먼트,리픔레이스먼트,리픈레이스먼트,리플리이스먼프,리픈레이스먼트,리플레이스먼터,리플네이스먼트,리픔레이스먼트,리플리이스먼프,리플리이스먼프,리픈레이스먼트,리플네이스먼트,리플레애스먼트,리플레이스먼트,리플레이스멈트,리플레이스먼트,미플레이수먼트,리플리이스먼프,리픔레이스먼트,리플레이스믄트,리플레이스먼트,리플리이스먼프,리픔레이스먼트,리플레이스먼트,리플레애스먼트,리플레애스먼트,레플레이스먼트,리플레이스멈트,리플네이스먼트,리픈레이스먼트,리플네이스먼트,미플레이수먼트,리플리이스먼프,리플레이스먼트,리플레이드먼트,리플레애스먼트,리플레이스먼트,리플리이스먼프,리플레이드먼트,리플레애스먼트,리플레이스멈트,리플레애스먼트,미플레이수먼트,리플레이스먼트,레플레이스먼트,리플네이스먼트,리픈레이스먼트,리플레이스멈트,리플네이스먼트,리플레이드먼트,미플레이수먼트,리플네이스먼트,미플레이수먼트,미플레이수먼트,7,ㄹ
request,리궤스트,리궤스뜨,리퀘스트,미궤스투,리퀘서트,래궤스프,리궤스투,리퀘스츠,리궤수트,미궤쓰트,레궤스트,리궤서츠,리웨스트,리궤스트,리궤스츠,리궤드트,리궤서트,리퀘스터,리퀘서트,리궤스트,리궤스트,리웨스트,리퀘스츠,리궤스트,리궤스츠,리궤스트,미궤스투,리퀘서트,리궤스트,리궤수트,레궤스트,리궤수트,리궤스뜨,리퀘스츠,리궤스트,리퀘서트,리퀘스츠,리퀘스트,미궤스투,리궤스뜨,리궤스츠,리웨스트,리퀘스트,미궤쓰트,리웨스트,리궤서트,리궤스트,미궤스투,레궤스트,리퀘스츠,리퀘스츠,레궤스트,리궤스뜨,리궤서트,리궤스트,리웨스트,래궤스프,리궤스뜨,리웨스트,리퀘스츠,레궤스트,리웨스트,레궤스트,리궤스뜨,리궤스트,리웨스트,레궤스트,리궤스트,리궤스뜨,미궤스투,미궤스투,리궤서츠,리궤스뜨,리퀘서트,미궤쓰트,리퀘스츠,미궤스투,리궤스뜨,리궤스트,리퀘서트,4,ㄹ
resident,레지던트,레즈던트,레지댄트,레지던트,레지던츠,로찌던트,로지썬트,레지던쓰,레지덤트,레치던트,레찌댄트,레제던프,레찌던트,레지던크,뢰지던트,레지든츠,레지덜트,레지던투,레지번트,레지던쓰,레지던트,레지덜트,레지던츠,레지던쓰,뢰지던트,레지던크,레찌댄트,레지던츠,레지던쓰,레지댄트,레지던쓰,레지번트,레찌댄트,레지던쓰,레지번트,레지덜트,레지덜트,뢰지던트,레찌댄트,뢰지던트,레지던트,레즈던트,레지던트,레지던쓰,레지던쓰,레지던쓰,레지댄트,레찌댄트,레찌댄트,로찌던트,레찌댄트,레지던츠,레지던쓰,레찌댄트,레지던쓰,레지던쓰,레지던쓰,레지던쓰,레지던쓰,레지던쓰,레지던쓰,레지던츠,레지던쓰,레지덜트,레찌댄트,뢰지던트,레지던쓰,레지던쓰,뢰지던트,레지던트,레지던쓰,레지던트,뢰지던트,레지던투,뢰지던트,레지던크,레지던트,레지번트,로찌던트,레지번트,4,ㄹ
restrict,리스트릭트,리스트릭트,리스트믹트,리스드릭트,리쯔트릭트,리스트닉트,리스크릭트,리서트릭트,리스터릭트,리스투릭트,리스트릭크,리서트릭튀,래스트릭트,리쉬터릭트,레스트맄트,레스트닉트,리스스뤽트,루서트릭트,레스트릭트,니스터릭트,리시트렉트,리뜨트릭트,리스트릮트,리스트릭티,리스터릭츠,리쉬터릭트,리스트릭트,리서트릭튀,리서트릭튀,니스터릭트,루서트릭트,리서트릭트,리스트릭트,리쉬터릭트,리스트릭티,리서트릭트,리서트릭튀,리스터릭트,리스트릭크,리스트릭티,리스트릭트,리스터릭트,레스트맄트,리스트릭트,리뜨트릭트,리서트릭트,리스터릭츠,리뜨트릭트,니스터릭트,리스드릭트,리스트릮트,리스드릭트,레스트맄트,리스트닉트,리스트닉트,리스드릭트,리서트릭트,리스스뤽트,리서트릭트,루서트릭트,레스트릭트,리스트릭크,레스트맄트,리스터릭트,리서트릭트,리서트릭트,리스드릭트,리스터릭츠,리스드릭트,리서트릭튀,루서트릭트,리스드릭트,리스드릭트,리스드릭트,리스크릭트,리스트릭크,리스터릭트,리스터릭츠,리스트릭크,루서트릭트,5,ㄹ
right,라이트,라기츠,라키트,나이츠,라애크,라키드,마이트,라이티,라끼트,라이쓰,라이터,라이트,라으트,라이크,라기트,라이튀,라우츠,마이티,라우티,라위트,라기드,라히트,라끼트,라히트,라히트,라이크,라기츠,나이츠,라우츠,나이츠,마이트,마이트,라끼트,나이츠,마이티,마이트,라히트,라이크,라이크,마이트,나이츠,마이트,라끼트,라이크,라이트,나이츠,라우츠,라키드,라이크,라우티,라위트,라히트,나이츠,마이트,나이츠,마이트,나이츠,라키드,라이트,라이튀,라히트,라히트,마이트,라이크,라우츠,라키드,나이츠,라이크,라으트,라이튀,라키트,마이트,라우티,라키트,라이크,나이츠,라우츠,라히트,라키드,라우티,3,ㄹ
run,런,럼,넌,런,럴,랜,른,럴,럴,넌,넌,럴,넌,른,랜,럴,럼,넌,넌,넌,런,넌,런,럴,럴,런,럴,랜,런,럴,넌,럴,넌,넌,럼,넌,넌,런,럴,넌,넌,넌,넌,넌,넌,넌,럴,넌,넌,럴,럴,럴,넌,럴,럴,럴,넌,넌,럴,럴,넌,런,넌,럴,럴,넌,넌,런,럴,런,런,넌,넌,런,럴,럴,럴,랜,넌,넌,1,ㄹ
scarce,스케스,스케수,츠케스,스키스,시케스,스케쉬,스케서,수케서,스코쯔,드케스,트케스,스쾨수,스케트,서테스,스케스,스캐스,스게쉬,스테스,스쾨스,쯔케스,스에스,스쾨스,스케쉬,서테스,스캐스,쯔케스,스코쯔,스캐스,스테스,스코쯔,서테스,서테스,스코쯔,스케스,스코쯔,스캐스,서테스,스코쯔,스케수,스테스,스코쯔,시케스,서테스,스케트,스게쉬,스코쯔,스캐스,트케스,스쾨스,쯔케스,스캐스,수케서,스코쯔,츠케스,쯔케스,트케스,드케스,스케수,스케수,스케수,서테스,스캐스,트케스,스게쉬,스테스,트케스,서테스,서테스,드케스,스게쉬,스테스,쯔케스,스케수,스캐스,시케스,쯔케스,트케스,쯔케스,스쾨스,스캐스,3,ㅅ
scheme,스킴,드팀,쉬임,즈킴,쓰킴,시켐,수팀,뜨켐,시킴,스킴,쉬킴,스킨,스팀,츠킬,스큼,서킴,스핌,스캠,수킬,서팀,드킴,스킬,쉬킴,쓰킴,쓰킴,즈킴,스킴,쓰킴,뜨켐,서팀,시켐,서킴,스큼,서팀,서팀,서팀,뜨켐,스킴,드팀,쓰킴,뜨켐,뜨켐,쓰킴,즈킴,스핌,쓰킴,쓰킴,뜨켐,드팀,스큼,뜨켐,쓰킴,즈킴,쓰킴,쉬킴,서팀,뜨켐,수팀,뜨켐,쓰킴,뜨켐,스핌,쓰킴,서팀,즈킴,스핌,뜨켐,시킴,서팀,시켐,서팀,스킴,스핌,서팀,수킬,시킴,서팀,서팀,쓰킴,즈킴,2,ㅅ
search,서치,저채,새치,스치,서치,새채,서지,스채,서츠,저치,처찌,떠체,새찌,스체,서체,터추,쩌치,써치,스츠,서치,터추,써치,서치,서지,터추,저채,서체,쩌치,서치,터추,스체,쩌치,처찌,써치,처찌,스체,새찌,스치,서체,써치,서치,서치,서츠,서체,터추,새찌,터추,스체,스치,서치,처찌,스체,새찌,쩌치,스치,스치,스치,스채,서치,서치,새치,서체,터추,스채,터추,스체,쩌치,서치,서치,써치,터추,써치,스치,저채,처찌,써치,서치,써치,써치,쩌치,2,ㅅ
section,섹쎤,섹쎨,셐젼,쎅쎤,셓션,셍쎤,식쎨,섹뗜,첵텬,섹쎤,섺쎤,셓젼,식쎤,텍쎤,셓쎤,쎅뎐,색쎤,식텬,속텬,섹쎰,셍쎰,셓쎤,섹쎰,첵텬,섹쎤,셍쎰,셓션,섹쎨,첵텬,섹쎰,색쎤,셓션,식쎨,섹쎰,셓션,섹쎤,색쎤,텍쎤,쎅뎐,섺쎤,식쎨,섹뗜,셐젼,식쎨,셍쎰,섹쎤,색쎤,셓젼,셍쎰,셐젼,첵텬,섺쎤,셓젼,섺쎤,색쎤,셓쎤,첵텬,셍쎰,섹쎰,섹쎨,셐젼,색쎤,섹쎤,색쎤,첵텬,첵텬,식쎨,셐젼,첵텬,색쎤,색쎤,셍쎰,셐젼,셓션,셓젼,첵텬,식쎨,섹쎰,식쎨,셓쎤,2,ㅅ
segment,세그먼트,쎄그먼트,제그먼트,세귀펀트,쇠그먼트,쎄흐먼트,세흐먼트,세그먼츠,세그먼크,시그먼트,세그믄터,세거맨트,세그먼튀,세끄멈트,세그먼드,새그믄트,시그먼츠,세그먼터,세그먼트,세끄먼트,세흐넌트,세그믄트,세으먼트,세끄멈트,세그믄트,세그먼크,쎄흐먼트,제그먼트,세귀펀트,세으먼트,세그믄트,세그먼터,세그먼츠,세그먼터,세그먼튀,세그먼츠,세귀펀트,세흐먼트,세거맨트,세그믄트,세그먼터,세그먼튀,쇠그먼트,세그먼츠,세그먼터,시그먼츠,세그먼튀,세그먼튀,쎄흐먼트,세그먼츠,세귀펀트,세그먼튀,세그먼터,세그먼튀,쇠그먼트,세그먼트,세그믄트,세끄멈트,쎄흐먼트,세거맨트,세그먼터,세그믄트,세그믄트,세거맨트,세그믄트,세으먼트,쇠그먼트,세거맨트,세그믄트,세귀펀트,세그먼터,제그먼트,세그먼츠,쎄흐먼트,세끄먼트,세끄먼트,세그믄트,세그먼터,세그먼터,쇠그먼트,4,ㅅ
segmentation,세그먼테이션,쎄그번테이션,세흐맨테이션,세크먼테이션,테그먼테이션,세으먼테이션,세그먼케이션,세그먼테히션,시그먼테이션,세그먼테이뗜,세그뻔테이션,세그먼태이션,세으맨테이션,쇠그먼테이션,세끄먼테히션,세그먼테이션,세그먼테끼션,소그먼테이션,세그먼테애션,세그런테이션,세그먼태이션,세그먼테이뗜,세그먼테이뗜,세으맨테이션,세그먼테이뗜,세으맨테이션,세그런테이션,쇠그먼테이션,세으맨테이션,세그먼테애션,세그먼테이뗜,세그뻔테이션,세그먼테이뗜,세그런테이션,세그먼테끼션,세그먼테이뗜,세그런테이션,세그런테이션,세그먼테히션,세그뻔테이션,테그먼테이션,소그먼테이션,세그먼테히션,세그뻔테이션,세그런테이션,세그먼테이뗜,세으맨테이션,세그런테이션,세그런테이션,세그먼테히션,세그먼테이뗜,세그런테이션,소그먼테이션,세그먼테애션,세그먼테이뗜,세그먼테이뗜,세으맨테이션,세그뻔테이션,세그런테이션,세으맨테이션,세그먼테이뗜,세그런테이션,세그먼테이뗜,세그먼테이뗜,세끄먼테히션,세그뻔테이션,소그먼테이션,세으맨테이션,세그먼테이뗜,세그먼테이뗜,세그먼테히션,쇠그먼테이션,시그먼테이션,테그먼테이션,세으맨테이션,세그런테이션,세그먼테이뗜,세그런테이션,세그먼테이뗜,세그먼테히션,6,ㅅ
separate,세퍼레이트,제퍼레이크,세머레이쓰,세뻐레이트,세허레이튀,세패레끼트,세프레이트,새퍼레히트,새패레이트,세커레이드,세퍼레이드,쩨퍼레히트,세퍼레이투,세퍼로이트,세패레이트,쇠퍼레이트,세퍼네이트,쎄퍼레에트,시패레이트,세퍼네이크,세퍼레키트,세퍼래이트,세퍼레우트,세퍼레이트,세퍼레이크,세패레끼트,세퍼레키트,세퍼레이투,세커레이드,새패레이트,새패레이트,세머레이쓰,세패레이트,세퍼레이투,세프레이트,세퍼로이트,세패레끼트,세퍼레이투,세퍼레이크,세퍼래이트,세퍼레이투,세퍼레이크,세퍼레이크,세뻐레이트,세커레이드,세패레끼트,세퍼네이크,세퍼레이투,세퍼레이드,세커레이드,세패레끼트,세퍼레이트,제퍼레이크,세프레이트,제퍼레이크,세퍼네이크,세퍼네이트,새패레이트,세퍼레이투,세퍼로이트,세퍼레이드,세퍼로이트,세퍼레이크,제퍼레이크,세프레이트,세커레이드,제퍼레이크,세패레이트,세패레이트,세뻐레이트,세퍼레이트,제퍼레이크,세커레이드,세퍼레이드,쎄퍼레에트,세퍼레이트,세퍼래이트,세퍼레이투,세퍼로이트,세패레끼트,5,ㅅ
set,섿,센,샏,첻,쇧,젣,셉,솓,셑,싣,셀,섿,텓,쎋,뗃,쎋,첻,섿,샏,센,센,솓,쇧,뗃,쇧,뗃,샏,섿,첻,셀,젣,섿,쎋,샏,젣,센,샏,샏,첻,뗃,샏,젣,섿,셉,섿,셉,젣,섿,섿,섿,쎋,젣,센,뗃,셑,뗃,셑,셉,섿,텓,센,섿,솓,쎋,뗃,뗃,센,텓,젣,샏,센,섿,센,샏,뗃,젣,뗃,뗃,센,셀,1,ㅅ
share,셰어,뎨어,셰거,셰허,쎼애,셰으,셰어,졔으,졔어,셰애,셰꺼,셰거,셰허,쎼애,셰꺼,셰허,셰허,셰허,셰으,셰허,셰허,셰꺼,졔어,셰허,셰허,셰어,셰허,셰허,셰허,쎼애,셰허,셰거,셰꺼,졔어,셰허,셰허,셰허,셰거,셰거,셰허,셰허,졔어,셰거,졔어,셰으,셰허,셰허,쎼애,졔으,셰거,뎨어,셰어,셰허,졔어,셰애,셰거,졔어,셰애,셰허,셰허,셰허,졔어,셰허,셰허,셰허,셰허,쎼애,셰거,셰허,셰애,셰거,셰허,셰거,셰으,쎼애,졔으,셰허,쎼애,셰거,졔어,2,ㅅ
sharing,셰링,쎼밍,셰룽,셰릭,셰밍,셰랭,쳬륑,셰륑,졔맇,쎼릮,셰릉,쎼링,셰렝,셰맇,셰맄,셰링,셰릭,셰릭,셰륑,셰맄,셰밍,셰밍,셰밍,셰룽,셰륑,셰링,셰맄,셰륑,셰륑,셰릭,셰맄,셰밍,셰맄,셰밍,셰맄,셰맄,셰륑,셰맄,셰룽,셰랭,셰륑,셰링,쎼밍,셰렝,셰랭,셰릭,셰맇,셰릉,셰맄,셰릉,셰맄,셰륑,셰맇,셰맄,쎼밍,셰륑,셰맄,셰륑,셰렝,셰맄,셰맇,셰링,셰룽,셰밍,셰륑,셰렝,쎼밍,셰랭,쎼링,셰렝,셰맇,셰맄,셰랭,셰륑,셰륑,셰룽,셰맄,쎼밍,셰랭,셰룽,2,ㅅ
shuffle,셔펄,쎠펀,셔펄,셔헐,셔팰,셔멀,텨펄,셔뻘,셔펀,쳐펄,쎠팰,셔펌,셔플,쪄팰,셔컬,셔헐,셔헐,셔컬,셔플,텨펄,텨펄,쪄팰,셔펄,셔컬,셔컬,셔컬,셔컬,셔플,셔컬,셔플,셔펄,셔펀,셔멀,쪄팰,셔헐,셔멀,셔플,쪄팰,셔멀,셔컬,셔멀,셔펄,셔펄,셔플,셔컬,쳐펄,셔컬,쪄팰,쪄팰,셔컬,셔멀,셔플,텨펄,셔컬,쳐펄,쪄팰,셔플,셔멀,셔플,셔컬,셔플,셔펀,셔펄,셔컬,셔컬,셔헐,셔멀,쳐펄,셔펄,셔컬,셔펄,쪄팰,셔헐,셔뻘,셔컬,셔헐,셔컬,셔컬,셔펀,셔멀,2,ㅅ
simple,심펄,침플,십플,심펌,심헐,씸펄,신펄,샘팰,딤펄,샘펌,짐펄,셈펄,싶펄,샘펄,심펀,찜플,샘플,슴펄,실펌,심멀,띰헐,십펄,실펄,슴펄,십펄,싶펄,싶펄,침플,딤펄,딤펄,딤펄,샘플,씸펄,딤펄,딤펄,십플,씸펄,딤펄,슴펄,딤펄,슴펄,싶펄,씸펄,딤펄,슴펄,샘팰,샘펄,딤펄,심펀,샘팰,샘플,슴펄,샘펄,딤펄,싶펄,샘팰,씸펄,딤펄,실펌,심펌,셈펄,샘플,싶펄,샘플,슴펄,씸펄,샘팰,씸펄,딤펄,샘팰,샘팰,딤펄,씸펄,짐펄,샘플,십플,실펌,씸펄,샘플,슴펄,2,ㅅ
single level,싱걸 레벌,싱걸 레밸,생걸 레밸,싴갤 레벌,승걸 레벌,싱검 뢰벌,싱컬 레벌,생걸 레벌,칭걸 레벌,찡걸 레벌,싱걸 레범,징걸 레벌,팅걸 레펄,싱글 레덜,싱걸 레멀,싱걸 로덜,슁걸 레범,싱걸 레벌,싷걸 레벌,싴갤 레벌,승걸 레벌,싴갤 레벌,싱걸 레범,싱걸 레범,슁걸 레범,슁걸 레범,싱검 뢰벌,싱컬 레벌,싱걸 레범,싱걸 레밸,싴갤 레벌,싴갤 레벌,싱걸 레범,싱걸 레벌,싱걸 레밸,싱걸 레밸,싱검 뢰벌,싱걸 레밸,싱걸 레범,싱걸 레밸,싱걸 레밸,슁걸 레범,승걸 레벌,싱걸 레범,생걸 레밸,싱걸 레범,싱걸 레범,생걸 레밸,싱걸 레밸,싱걸 레밸,싱걸 레범,싱걸 레범,싱걸 레벌,싴갤 레벌,싴갤 레벌,생걸 레벌,싱걸 로덜,싱걸 레범,싱걸 레범,싱컬 레벌,싴갤 레벌,징걸 레벌,싱걸 레벌,승걸 레벌,싱컬 레벌,싱컬 레벌,싱걸 레범,싴갤 레벌,싱검 뢰벌,싱걸 레벌,싱걸 레벌,싱걸 레범,싱걸 레범,싱걸 레벌,칭걸 레벌,생걸 레밸,싱검 뢰벌,싴갤 레벌,슁걸 레범,싱걸 레범,5,ㅅ
size,사이즈,사끼지,사이즈,타이즈,사끼즈,사이주,자이즈,사이쯔,사키즈,자이스,짜위즈,싸이저,싸기즈,사애즈,사이지,사이스,사기즈,사히즈,사위즈,사으쯔,사위쯔,사히즈,사이지,사이지,사끼지,사이스,싸이저,싸이저,사위즈,사위즈,싸이저,사히즈,사히즈,사이쯔,사히즈,사이스,싸기즈,싸이저,싸이저,사이스,사기즈,사이즈,사이즈,타이즈,자이즈,사이지,싸이저,사끼지,타이즈,사끼즈,사위즈,사애즈,사위즈,사히즈,사위즈,사애즈,자이즈,사이쯔,사키즈,사이즈,사키즈,싸이저,사키즈,싸이저,사이지,사이즈,사이주,사히즈,싸이저,사이즈,사이지,사이즈,사히즈,싸이저,사으쯔,사위즈,사키즈,사키즈,사이지,사키즈,3,ㅅ
small,스몰,스놀,쉬몰,스멜,서물,스롤,스몬,스묄,쓰몰,시몰,스몸,스볼,스폴,뜨몰,스뽈,스물,스몰,수몰,스물,뜨몰,스몸,뜨몰,스놀,스놀,스멜,스멜,쉬몰,스놀,뜨몰,뜨몰,쓰몰,쓰몰,스롤,쓰몰,스멜,수몰,스몸,시몰,스몬,스폴,스롤,쓰몰,스물,스폴,스몸,스볼,스몬,스몸,스멜,수몰,쓰몰,뜨몰,스물,쉬몰,쉬몰,스놀,스몬,스물,스물,스물,스볼,스뽈,쓰몰,스뽈,스물,스물,스몰,수몰,스물,뜨몰,수몰,쓰몰,수몰,쉬몰,스물,스몰,스몬,쉬몰,스롤,스몬,2,ㅅ
software,소프트웨어,수프트웨어,소프트웨어,소프쓰웨어,소프트궤어,소프트웨허,소프트웨애,소퍼트웨어,소프트웨으,소프츠웨어,소프트퀘애,소퍼트웨애,쏘피트웨어,쏘프터웨어,도프트웨어,조프스웨어,쪼피트웨어,쏘프트웨어,소프츠꿰어,소흐크웨어,소프트웨거,또프트웨거,소프쓰퀘어,소쁘투웨어,소흐크웨어,소흐크웨어,소흐크웨어,소흐크웨어,또프트웨거,도프트웨어,소프트웨허,소프트웨애,또프트웨거,소프쓰웨어,소프트웨으,소프트웨허,소흐크웨어,소쁘투웨어,소프트웨애,또프트웨거,소흐크웨어,또프트웨거,또프트웨거,소프트웨으,또프트웨거,소프트웨허,또프트웨거,소프쓰웨어,도프트웨어,소프쓰퀘어,쏘프트웨어,또프트웨거,소프트웨거,소프트퀘애,소프트웨허,또프트웨거,수프트웨어,소프트퀘애,소프쓰웨어,또프트웨거,소흐크웨어,또프트웨거,소프쓰퀘어,소흐크웨어,소프트웨거,소흐크웨어,소흐크웨어,소흐크웨어,소흐크웨어,또프트웨거,소프쓰웨어,쏘프트웨어,또프트웨거,소프쓰퀘어,소프트웨허,소프트웨으,소프트웨허,소흐크웨어,소프쓰웨어,소흐크웨어,5,ㅅ
solution,설루션,샐르션,썰루션,슬루션,샐루션,썰루뗜,슬로션,설루뎐,설뤼셤,설로션,설루션,털루션,설무션,절루텬,쩔로션,설루쳔,설루젼,설리션,쩔로션,설뤼셤,설뤼셤,설로션,샐르션,설리션,설루쳔,설리션,샐루션,털루션,샐루션,털루션,털루션,샐루션,샐루션,설루쳔,쩔로션,쩔로션,샐루션,썰루션,샐루션,설리션,설리션,설루젼,설리션,설무션,설리션,털루션,설무션,털루션,설리션,설무션,썰루뗜,설무션,썰루뗜,설루쳔,설리션,설리션,설무션,샐루션,털루션,샐르션,샐루션,샐루션,샐르션,설루젼,쩔로션,썰루션,절루텬,샐루션,설루쳔,설루쳔,설리션,털루션,설루션,설무션,썰루션,설루쳔,샐루션,설루쳔,썰루뗜,털루션,3,ㅅ
space,스페이스,스포이스,스피이스,스케이드,스베이스,수페이즈,스메이츠,스페기드,스페끼서,스페이서,스푀이스,스페우스,스페이스,스페애스,스피애스,스페이쓰,스페에스,쓰페이스,스페위트,스푀이스,쓰페이스,스피이스,스피이스,스메이츠,스푀이스,쓰페이스,스피이스,스베이스,스피이스,스페이서,스메이츠,스페끼서,쓰페이스,스피이스,스베이스,쓰페이스,쓰페이스,수페이즈,스피이스,스케이드,스피이스,스페끼서,쓰페이스,스케이드,수페이즈,스피이스,쓰페이스,쓰페이스,스페위트,스페애스,수페이즈,스피이스,쓰페이스,쓰페이스,스피이스,스베이스,스페끼서,쓰페이스,쓰페이스,스페애스,수페이즈,스피이스,쓰페이스,스푀이스,쓰페이스,스푀이스,스피이스,쓰페이스,스베이스,스피이스,쓰페이스,수페이즈,스피이스,스푀이스,스피이스,스푀이스,스피애스,쓰페이스,스푀이스,스푀이스,4,ㅅ
spatial,스페이셜,즈페에셜,스페끼셜,드뻬이셜,스페기셜,스피이셜,스페이셜,스페이쎨,쓰베이셜,스테애셜,트페이셜,스푀이셜,스패이셜,스페이쳘,스페키셜,드헤이셜,서페이셜,드페이셜,스케에셜,스케으셜,서포이셜,쓰페이셜,스피이셜,스테애셜,스테애셜,스페키셜,스피이셜,스피이셜,스페끼셜,스페끼셜,스테애셜,스페이쎨,스페이쎨,스패이셜,스케에셜,스페이쎨,스페키셜,스페이쎨,스패이셜,트페이셜,스페이쎨,스페이쎨,스패이셜,스패이셜,스케에셜,드페이셜,스패이셜,스피이셜,스페이쎨,스테애셜,스케에셜,스테애셜,스페이쎨,쓰페이셜,스테애셜,스페이쎨,스페키셜,스피이셜,스테애셜,쓰페이셜,스페이쎨,드헤이셜,쓰베이셜,스페끼셜,쓰페이셜,쓰페이셜,스페끼셜,쓰페이셜,스페이쎨,스테애셜,드뻬이셜,서페이셜,스패이셜,스페이쎨,스피이셜,스피이셜,스페이쎨,스페이쎨,스페이쎨,드헤이셜,4,ㅅ
speed,스피드,스비드,스피드,쉬피르,츠피쓰,서피드,쯔피드,시피드,스히드,스피브,트피드,스페브,스피두,스티드,스피더,스티두,스프드,스페드,쓰피드,스비브,쉬피디,쓰피브,쉬피드,스페드,스피더,스페드,쉬피드,스페드,쓰피브,트피드,스히드,쯔피드,스티드,스티두,트피드,스비브,쉬피디,쉬피드,스비드,스페브,스비드,스프드,쉬피디,스비브,스비드,쓰피브,스비드,스페드,스비브,스비브,트피드,쉬피드,스비드,스페브,스비드,스페브,쉬피드,스피두,쓰피브,스비드,스페드,트피드,스피더,스비드,트피드,스피더,쓰피브,쓰피브,쉬피드,쉬피드,스피더,스페드,쉬피드,서피드,스비드,스프드,쉬피드,쉬피드,서피드,쯔피드,3,ㅅ
spite,스파이트,스파이츠,트파으트,스파이크,시파이트,스파기트,스파이트,스파으터,수파끼트,스파이쓰,서하이트,스파위트,즈파이트,서파에트,스카이트,스파히트,스카이터,즈파이트,스파으터,스파이쓰,스파이크,스파이크,스파이크,시파이트,스파으터,스파히트,즈파이트,스파이쓰,스파으터,시파이트,스파이크,스파기트,스카이트,스카이트,스파이쓰,스파이쓰,스파기트,스파기트,스파이쓰,스파이크,스파으터,트파으트,스파으터,스파이크,스파기트,스파으터,스파이크,스파으터,트파으트,시파이트,즈파이트,스파기트,스파이쓰,수파끼트,스파으터,스카이터,스파기트,스파기트,스파으터,스파위트,스파으터,스파으터,스파기트,스카이트,스파으터,스파이쓰,서하이트,스파으터,스파히트,시파이트,스파이쓰,스파위트,스파으터,스파으터,스파위트,스파이쓰,스파기트,스파기트,스파으터,스파이크,4,ㅅ
storage,스토러지,스토러시,스퇴르지,스토러즈,스토머지,시토러지,즈토래지,스토너찌,서토러지,시테러지,스퇴러지,수토러지,스토래지,스토러지,쓰토러지,스투러지,스토러찌,스토러씨,시토러지,스토러씨,스토래지,시테러지,스토러시,즈토래지,스토러시,스토러찌,스토러시,쓰토러지,스토머지,스투러지,쓰토러지,시토러지,쓰토러지,서토러지,서토러지,수토러지,스퇴르지,스퇴르지,서토러지,스토머지,수토러지,시토러지,스토러찌,스토러씨,서토러지,서토러지,스토러찌,스토러시,스토러시,수토러지,스토러지,스토머지,수토러지,스퇴러지,스토러시,스토러찌,시토러지,스토러씨,스토러찌,스토러씨,스토러씨,스토러시,스퇴르지,수토러지,쓰토러지,시토러지,서토러지,쓰토러지,스토러찌,스토러시,쓰토러지,서토러지,서토러지,시토러지,서토러지,수토러지,스퇴르지,쓰토러지,즈토래지,스토러씨,4,ㅅ
storage allocation,스토러지 앨러케이션,스토러지 앨러케위션,스토러지 앨머케이션,스토르지 앨러케이션,스토러지 앨러코이션,드토러지 앨러케이션,쓰토러지 앨러케이셤,스토러지 앨러케이셤,스토러지 핼러케끼션,스토러지 앨래케이션,스토러지 앰러케이션,스토러지 앨러케이션,스테러지 앨러케이션,스투러지 앨러케이션,스토너지 깰러케이션,스토러지 앨러캐이션,츠토러지 앨러케이션,스초러지 얼러케이션,스토러지 앨러케히션,스초러지 얼러케이션,스테러지 앨러케이션,스토너지 깰러케이션,스토러지 앨러케이션,스테러지 앨러케이션,스토르지 앨러케이션,스토러지 앨래케이션,스토러지 앨머케이션,스토러지 앨러코이션,스초러지 얼러케이션,스토너지 깰러케이션,스투러지 앨러케이션,스투러지 앨러케이션,스초러지 얼러케이션,스투러지 앨러케이션,스토러지 핼러케끼션,스토러지 앨래케이션,스토러지 앨러케이션,츠토러지 앨러케이션,스토러지 앨러코이션,스투러지 앨러케이션,스토르지 앨러케이션,쓰토러지 앨러케이셤,스토르지 앨러케이션,스투러지 앨러케이션,스초러지 얼러케이션,스토르지 앨러케이션,스토르지 앨러케이션,스투러지 앨러케이션,스토러지 핼러케끼션,쓰토러지 앨러케이셤,스토러지 앨러케이션,스토러지 핼러케끼션,스투러지 앨러케이션,스토너지 깰러케이션,스토너지 깰러케이션,츠토러지 앨러케이션,츠토러지 앨러케이션,스투러지 앨러케이션,스토너지 깰러케이션,쓰토러지 앨러케이셤,스토러지 앨러코이션,스토러지 앨머케이션,스토르지 앨러케이션,스토러지 앨러케이션,스토러지 앨러코이션,스투러지 앨러케이션,스토러지 앰러케이션,츠토러지 앨러케이션,스투러지 앨러케이션,츠토러지 앨러케이션,스토러지 핼러케끼션,스토너지 깰러케이션,츠토러지 앨러케이션,스토너지 깰러케이션,스토러지 앨머케이션,스투러지 앨러케이션,스토러지 앨러케이션,스투러지 앨러케이션,드토러지 앨러케이션,스토러지 앨러코이션,10,ㅅ
store,스토,시토,서투,스쏘,서도,서코,스코,쓰투,스테,서토,쯔토,수토,스토,드토,수테,쓰토,스초,츠투,츠토,시토,서투,츠투,시토,스초,드토,서투,수토,수토,서코,스쏘,서투,스쏘,츠토,스초,수토,수테,쯔토,서토,수테,스테,쓰토,츠토,서토,스쏘,츠투,스초,스테,서코,수토,수테,츠토,서도,드토,츠토,스쏘,서투,쓰투,드토,시토,수테,서토,쯔토,츠토,스테,스쏘,스초,서코,서투,스쏘,서토,츠투,스쏘,서투,스테,스쏘,츠토,수토,서투,서토,수토,2,ㅅ
structure,스트럭처,스트먹채,스티럭처,스투럭처,서트렁처,뜨트럭처,스트랙처,스트럭쩌,스트렁처,스츠럭처,드트럭저,스트럭처,스트륵처,스뜨럭츠,트트럭처,쯔트럭처,스터럭처,트트렁처,드트럭츠,스트넉처,쯔트럭처,트트렁처,스트렁처,스츠럭처,트트렁처,스투럭처,스츠럭처,스트넉처,스츠럭처,스터럭처,트트렁처,스트륵처,트트렁처,쯔트럭처,스뜨럭츠,스트랙처,스츠럭처,스터럭처,드트럭저,스터럭처,트트렁처,스터럭처,스츠럭처,뜨트럭처,스뜨럭츠,스트럭처,트트렁처,스츠럭처,스츠럭처,스터럭처,드트럭츠,스터럭처,스트렁처,쯔트럭처,스터럭처,스츠럭처,스츠럭처,드트럭저,스터럭처,스트럭처,스뜨럭츠,스츠럭처,쯔트럭처,드트럭츠,스트륵처,스뜨럭츠,스츠럭처,스터럭처,드트럭츠,스터럭처,스터럭처,스츠럭처,스트랙처,드트럭저,스트랙처,스뜨럭츠,스터럭처,스티럭처,스트럭처,스뜨럭츠,4,ㅅ
support,서포트,서포뜨,서푸드,스포트,서포츠,서페트,처푸트,서포트,스모트,서푸트,서포터,터포트,떠포트,서푀츠,서포투,써호트,새포트,서포츠,스포트,서페트,서포뜨,새포트,서포츠,새포트,서푸트,서페트,서페트,서푸트,서푸트,서포터,스포트,서페트,서포투,서페트,서푸트,새포트,터포트,서포투,서포츠,새포트,서푸트,서푸트,스포트,서포트,새포트,서페트,처푸트,새포트,스포트,서포투,서포트,새포트,서페트,서페트,스포트,서페트,서페트,서페트,써호트,서페트,써호트,써호트,써호트,써호트,서포뜨,서페트,써호트,새포트,서포투,써호트,서푸트,서푀츠,서페트,터포트,서페트,서포투,서푀츠,처푸트,새포트,서포투,3,ㅅ
swap,스와프,서와크,스와브,트화프,스콰므,즈콰프,서와프,스와프,스와퓌,스와크,즈와프,서와퍼,스과프,스와퍼,수와프,스와피,시와프,스와트,스화프,스과프,스화프,즈와프,서와퍼,스과프,서와프,스과프,스와프,스와프,서와크,스와프,즈콰프,스과프,서와프,스와프,서와퍼,서와프,서와프,서와프,스과프,스과프,즈와프,즈와프,스와퓌,스와프,스과프,스과프,서와퍼,스와브,서와프,수와프,서와프,스과프,서와프,스와퍼,서와프,스과프,수와프,서와크,서와프,서와크,스와퓌,서와프,서와프,스와피,서와크,스와트,서와프,서와퍼,스와트,스화프,스과프,수와프,스와프,스과프,서와프,서와퍼,서와크,서와퍼,스화프,스과프,3,ㅅ
switch,스위치,스퀴치,스위지,스위추,스퀴채,스외치,쓰위치,스귀체,스위체,스귀찌,시위치,쓰위체,쓰위채,스뀌치,스위찌,스퀴찌,서위치,서퀴치,시귀치,스위치,스이치,스우치,뜨위치,스귀찌,스위추,뜨위치,스위추,스위추,시귀치,시귀치,시위치,스이치,시위치,스위추,스위추,스이치,스위추,스위추,서위치,스위찌,스위추,스퀴채,스귀체,스외치,스외치,스위추,스위추,쓰위채,스위추,시귀치,스위체,스귀찌,시귀치,스위체,스위체,시위치,스위추,스퀴채,스위찌,스위추,스이치,스이치,스귀찌,시귀치,스이치,스위찌,스퀴찌,스귀찌,스퀴찌,시귀치,스외치,스위찌,스귀체,스위추,스이치,스귀체,스위추,시귀치,스위찌,스위찌,3,ㅅ
system,시스텀,시스탬,시스펌,띠뜨텀,세스텀,지스텀,시스텀,티스텀,시쯔틈,시스텁,시스틈,시쯔텀,찌스텀,시스첨,스스탬,시쓰텀,치스탬,치스첨,시쯔탬,시서텀,시서섬,시스첨,시쯔텀,치스첨,시쯔탬,지스텀,지스텀,지스텀,시쯔텀,시스펌,시서섬,치스첨,치스첨,시스펌,시쯔텀,시쯔탬,티스텀,치스탬,시스펌,찌스텀,티스텀,지스텀,시스틈,시쯔탬,시쓰텀,스스탬,시스틈,시스틈,치스탬,시스텀,시스텁,시스틈,시스텁,지스텀,시스텁,시스텀,시스텁,시쯔탬,시스펌,지스텀,시스틈,시스펌,스스탬,티스텀,띠뜨텀,시쓰텀,치스첨,시스첨,시쯔탬,시쯔틈,시쯔틈,스스탬,시쯔탬,시스틈,치스첨,시스펌,시스틈,스스탬,티스텀,시스펌,3,ㅅ
table,테이벌,체끼벌,테이블,체이번,테애벌,케이벌,체이벌,테이덜,테애덜,페이벌,테우벌,테이번,토이밸,토이벌,테이밸,테기벌,테이벌,페이범,테이덜,테이번,테이밸,페이범,테이벌,페이범,체이벌,체이벌,테이덜,테이번,페이벌,테우벌,체이번,테기벌,테기벌,테기벌,테기벌,테이번,페이범,테우벌,체끼벌,체이번,테우벌,체이번,토이벌,테이번,체끼벌,테이밸,테기벌,테애벌,테우벌,테우벌,테우벌,테기벌,테이번,페이벌,테이번,테이블,체이번,테이밸,체이번,테이번,체끼벌,테이번,체이벌,테우벌,테애벌,테이번,테애벌,테기벌,페이범,테우벌,체끼벌,테우벌,페이범,체이벌,체끼벌,체이번,테우벌,체이벌,테우벌,체끼벌,3,ㅌ
technique,테크니크,테크니쿠,테커니으,페크니크,테크네크,테크니커,테크니키,테크니트,테트니프,세크니크,테커니크,토크니끄,체크니크,세크리크,테크니프,테크니크,체트니크,테쿠미크,티크니으,테크내크,테크니트,테크니커,페크니크,테크니쿠,체트니크,테크니크,테크니프,테트니프,테트니프,체트니크,테커니크,테크니트,테크니커,페크니크,토크니끄,체트니크,테크니커,체크니크,테커니크,테크니쿠,테커니으,테트니프,테트니프,체트니크,체트니크,테커니크,토크니끄,테크니커,테크니키,토크니끄,체트니크,테커니으,테커니크,세크리크,테크니크,체크니크,테크니커,테크니트,페크니크,체트니크,테트니프,테커니크,체트니크,테크니프,테커니으,페크니크,세크리크,테크니커,테크니트,페크니크,토크니끄,페크니크,페크니크,티크니으,체트니크,테크니커,페크니크,티크니으,테트니프,테트니프,4,ㅌ
temporal,템퍼럴,쳄프럴,템허랠,템뻐럴,템패랠,팀퍼럴,템패럴,템허럴,쎔퍼럴,텔퍼럴,템퍼럴,텝퍼럴,툄퍼럴,템퍼랠,템퍼를,펨퍼럴,켐퍼럴,템버럴,텐퍼럴,톰퍼럴,템퍼럼,템프럴,쳄프럴,텝퍼럴,톰퍼럴,텔퍼럴,템퍼럼,템퍼랠,쎔퍼럴,템뻐럴,쳄프럴,켐퍼럴,텐퍼럴,펨퍼럴,켐퍼럴,쳄프럴,템뻐럴,템퍼럼,텔퍼럴,템패럴,텔퍼럴,쳄프럴,템퍼럼,템허럴,템퍼럼,템패랠,툄퍼럴,템뻐럴,쎔퍼럴,쳄프럴,쎔퍼럴,템허랠,템퍼랠,템허랠,템퍼랠,템뻐럴,톰퍼럴,텔퍼럴,톰퍼럴,템뻐럴,쳄프럴,템뻐럴,템뻐럴,템패럴,템퍼랠,텔퍼럴,템퍼랠,쳄프럴,템뻐럴,템퍼럼,텝퍼럴,텝퍼럴,템허랠,템허럴,템뻐럴,쳄프럴,템퍼랠,텝퍼럴,템허럴,켐퍼럴,3,ㅌ
time,타임,타낌,타잎,타킴,타일,카임,파임,타엠,타힘,타입,타움,타음,타임,카김,타김,카인,타인,카킴,카일,타앰,차김,타입,타잎,타힘,타음,파임,타인,타음,타음,차김,카임,카김,타음,타음,차김,타음,타움,타일,타김,차김,카임,타움,타인,타인,차김,타잎,타음,타인,카임,카임,차김,카일,차김,차김,차김,타인,파임,타음,카일,타앰,타음,카일,카김,타움,파임,차김,타음,타음,차김,타인,타김,카인,타엠,타음,카임,타힘,카임,카일,타음,타음,2,ㅌ
tiny,타이니,타기니,사이느,사기니,타이미,타이내,타이뉘,카이리,차위니,타위니,타키리,타끼니,타에니,타키니,타이니,타이네,사기니,타위니,사이느,타키리,타키리,사기니,타위니,타위니,타기니,타기니,타기니,타키니,타기니,타이네,타이내,타키리,타기니,타키리,사기니,타기니,타키니,차위니,타키니,타키니,타키니,사기니,타기니,타이내,타이내,타이내,타기니,타위니,타이미,사이느,타키리,타키리,타이내,타에니,타이네,타위니,타키리,타기니,타위니,타위니,타키리,타기니,차위니,타이네,타키리,타위니,타위니,타이내,타기니,타위니,타위니,타이내,사이느,타키니,차위니,타기니,타이네,타위니,사기니,타위니,3,ㅌ
tlb,티엘비,치엘배,티엘부,티엠비,튀올비,티엘브,티올비,티올디,태엘비,씨올비,티욀비,튀엘피,티엘삐,테헬비,티엔비,태겔비,씨엘디,티엘베,띠올비,티켈비,티헬비,치엘비,티엘비,티올비,치엘배,티엘삐,티엔비,티엔비,티엘삐,티헬비,씨엘디,티올비,티헬비,띠올비,티올비,씨엘디,티엔비,씨엘디,치엘비,티엘삐,티엠비,티엘부,티욀비,치엘배,테헬비,테헬비,티올비,티헬비,티올비,태엘비,티올디,티엘삐,티올디,티엘비,태엘비,티헬비,티헬비,티올비,티욀비,티올비,티헬비,씨올비,티엘부,티엠비,티엘삐,티올비,티엔비,티올비,치엘배,티켈비,티욀비,티헬비,치엘비,치엘비,티엔비,티엘삐,띠올비,티올비,티올디,티올비,3,ㅌ
tlbs,티엘비에스,티엘비께스,티켈비에스,티엘비게스,티엘비케쯔,티일디에스,티엘베에스,씨엘브에스,피엘디에스,티엘뷔에스,티앨비에스,티겔비에스,티엘비에서,키엘비에스,티엘부에스,티엘미에스,태엘비에스,튀엘비에트,트엘비에스,티엘비에스,테엘베에스,디엘디에스,티엘비헤스,티엘비에쓰,티엘비케스,티엘뷔에스,테엘베에스,피엘디에스,테엘베에스,디엘디에스,티엘뷔에스,티엘비께스,티겔비에스,티엘비케쯔,티겔비에스,티엘뷔에스,티엘비케쯔,티엘뷔에스,피엘디에스,티엘비케쯔,티엘비께스,테엘베에스,티일디에스,티켈비에스,피엘디에스,티엘비께스,티엘뷔에스,테엘베에스,티겔비에스,태엘비에스,티겔비에스,디엘디에스,디엘디에스,티엘비케쯔,티엘비헤스,티겔비에스,티엘비케쯔,디엘디에스,티겔비에스,티엘비케쯔,티엘뷔에스,티엘뷔에스,티겔비에스,티엘비에쓰,테엘베에스,디엘디에스,티엘비께스,테엘베에스,디엘디에스,테엘베에스,티엘비케쯔,티겔비에스,티엘비케쯔,튀엘비에트,테엘베에스,티엘뷔에스,티엘뷔에스,티엘비케쯔,티엘비케쯔,디엘디에스,5,ㅌ
top,타프,타므,타흐,타트,타프,카피,차프,타브,타푸,파쁘,따프,파퍼,카푸,카프,타퓌,타피,타퍼,타크,타퓌,카피,타퍼,타퍼,타퍼,타퍼,타퍼,카프,카프,타퍼,타퍼,타퍼,타퍼,타흐,카피,카피,타피,타므,타퍼,카프,타퍼,타푸,타퓌,타브,타피,타푸,카프,카프,카피,카푸,타퍼,타퍼,타흐,타피,타퍼,카피,차프,타퍼,타푸,타피,타피,타퍼,타퓌,타흐,타퍼,파쁘,타퍼,타므,타퍼,타퍼,타푸,카프,카피,파쁘,파쁘,타브,타피,타푸,카피,타퍼,타푸,타므,2,ㅌ
total,토털,테턴,테틀,코턴,토탤,코틀,퇴털,코털,포털,토털,코철,퇴틀,초털,쏘털,투털,코썰,초털,코틀,퇴털,코철,쏘털,코털,퇴틀,쏘털,코철,퇴틀,초털,코틀,코털,초털,쏘털,쏘털,코털,코털,초털,코털,초털,초털,코철,초털,초털,초털,쏘털,토탤,토털,퇴틀,초털,코털,투털,토탤,초털,코털,퇴틀,코털,코틀,코털,퇴틀,코털,쏘털,퇴틀,초털,코털,코썰,포털,코털,코털,투털,코철,코철,초털,코틀,초털,토털,코털,코턴,초털,초털,코털,코털,쏘털,2,ㅌ
traffic,트래픽,트러픽,터래픽,트래픽,트래킥,티래픽,티래믹,트래빅,티러픽,튀래픽,트매픽,트리핗,스래믹,트래힉,트내픽,프래픽,터래핔,트래픅,크러픽,트래핗,트레틱,트래픾,티래믹,트레틱,터래픽,터래픽,트레틱,트매픽,튀래픽,트매픽,터래픽,트래픅,트래픾,트매픽,터래픽,터래픽,트매픽,트래빅,트러픽,트레틱,터래픽,터래핔,트러픽,티래믹,트매픽,트레틱,트래힉,트매픽,크러픽,터래픽,튀래픽,티래믹,티래믹,트매픽,터래핔,터래픽,트레틱,프래픽,터래픽,티래믹,터래핔,터래픽,트레틱,프래픽,트내픽,터래픽,튀래픽,티래믹,터래핔,티래믹,터래픽,트매픽,터래픽,터래픽,트래픾,튀래픽,터래픽,트래빅,트러픽,트러픽,3,ㅌ
translation,트랜즐레이션,트랠쯜레이션,트랜즐네이션,트랜절레이셤,드랜즐레이션,트랜즐레기션,트랜쯜레이텬,티랜즐리이션,트랜즐메이션,트린즐레이션,트랜즐레끼션,트랜즐레위셤,트랜즐레이뎐,트랜쥘메이션,튀랜즐레기션,트랜즐레위뎐,트랜절레이션,트랜즐레이쎤,트랠즐레이션,트렌즐레이션,트랜쯜레이션,트랜즐레이션,트랜즐로우션,트랜쥘메이션,트랜즐레위뎐,트랜즐레끼션,트랜즐메이션,트랜즐레위셤,튀랜즐레기션,트랜즐로우션,트랜즐레끼션,트랜쯜레이션,트랜절레이셤,트랜즐로우션,트랜즐레위뎐,트랠쯜레이션,드랜즐레이션,트랜쥘메이션,트린즐레이션,트랜즐레끼션,튀랜즐레기션,트랜즐레위뎐,트랜절레이션,트렌즐레이션,트랜즐메이션,트랜즐레위뎐,트랜즐레위셤,트랜즐레위셤,트랜즐레이쎤,트렌즐레이션,트랜절레이셤,트린즐레이션,트랜즐레이션,트랠쯜레이션,트랜즐레끼션,트랜즐레위뎐,트랜즐로우션,트랜즐레위셤,트랜쥘메이션,트랜즐로우션,트렌즐레이션,트랜즐메이션,트랜즐레위뎐,트랠쯜레이션,트랜쥘메이션,트랠쯜레이션,트랜즐레위셤,트랜즐로우션,티랜즐리이션,트랜즐레기션,트린즐레이션,트랜즐레위뎐,트랜즐레위뎐,트랜즐메이션,트랜즐레기션,트랜즐레끼션,트랜절레이션,티랜즐리이션,트린즐레이션,트랜절레이션,6,ㅌ
transparent,트랜스페런트,트렌스페런트,트랜스피랜트,트랜시페런트,트런스페런트,튀랜스페런트,츠랜스페런트,트랜스페런뜨,트랜서페런트,트랜스페런쓰,트랜스페런트,트린스페런트,트랜서뻬런트,트랜스테런크,트랜스페런크,트램스페런트,트랜스페넌트,트랜수페런트,트랜스페런드,튀랜스페런트,트랜스페런드,트랜스페런크,트램스페런트,트랜스테런크,트램스페런트,트랜스테런크,트랜스페런트,트랜시페런트,트랜스페넌트,트런스페런트,트랜스페런크,트랜스페런드,트런스페런트,트랜스페런크,트렌스페런트,트랜스페넌트,트런스페런트,트린스페런트,트랜스페런뜨,트랜스페런드,트램스페런트,트런스페런트,트랜스페런드,트랜시페런트,트랜스피랜트,트램스페런트,트랜스페런쓰,튀랜스페런트,트랜스페런드,트런스페런트,트렌스페런트,튀랜스페런트,트랜스테런크,트런스페런트,츠랜스페런트,트랜스페런쓰,트램스페런트,트램스페런트,트린스페런트,트런스페런트,트랜스페런드,트랜서뻬런트,트랜스테런크,트런스페런트,트랜스페넌트,튀랜스페런트,트렌스페런트,트랜스페런드,트랜스페넌트,트랜스페런드,트랜스테런크,트런스페런트,트랜스페런드,트랜스페런드,트랜스페넌트,트랜스테런크,트랜스페넌트,트랜스페런쓰,트램스페런트,트랜스페넌트,6,ㅌ
ttb,티티비,티트배,키티브,티티디,테테비,티티비,티티피,키티비,투치비,트티비,태티비,티씨비,티티배,티키브,피티브,티티미,티시비,티디브,티키비,태티디,티튀비,치테비,투치비,티키비,티티미,티티비,티티배,티튀비,키티브,트티비,티티디,태티디,태티비,티트배,티트배,태티디,티티미,태티디,티트배,티키비,투치비,티트배,티트배,티키비,티티미,티티미,티씨비,티키비,태티비,키티브,티트배,태티디,티티디,테테비,티트배,티시비,티키비,티트배,티트배,티티디,티티배,태티디,티트배,티트배,티티비,티트배,키티비,티트배,티티비,트티비,티트배,피티브,티티미,태티비,티시비,티트배,티트배,티키비,태티비,태티디,3,ㅌ
two level,투 레벌,투 네벌,투 레블,투 레번,추 레벌,투 레덜,투 레펄,쿠 레벌,투 레뻘,수 레벌,투 레벌,튀 레벌,투 레벌,투 레뻘,투 레펄,투 레펄,쿠 레벌,추 레벌,튀 레벌,추 레벌,투 레뻘,투 레벌,추 레벌,튀 레벌,튀 레벌,투 레뻘,투 레블,추 레벌,투 레뻘,투 레펄,투 레번,추 레벌,추 레벌,추 레벌,쿠 레벌,수 레벌,투 레펄,투 레블,추 레벌,투 레뻘,추 레벌,추 레벌,투 레번,추 레벌,추 레벌,튀 레벌,추 레벌,추 레벌,쿠 레벌,추 레벌,투 레블,추 레벌,투 네벌,추 레벌,쿠 레벌,투 레번,쿠 레벌,쿠 레벌,추 레벌,투 레펄,튀 레벌,투 레뻘,투 레벌,튀 레벌,추 레벌,투 레펄,튀 레벌,추 레벌,투 레펄,추 레벌,투 레블,투 네벌,추 레벌,투 레번,투 레뻘,투 레번,투 레뻘,투 레블,추 레벌,투 레펄,4,ㅌ
typical,티퍼컬,티패컬,투커컬,티퍼캘,피퍼컬,티커컬,티퍼컬,티퍼컴,튀퍼컬,트퍼펄,티패클,티퍼클,티퍼털,시퍼컬,키퍼컬,티뻐클,티버컬,투퍼컬,티프컬,티프클,티퍼클,티퍼컴,티퍼캘,티버컬,튀퍼컬,티퍼클,티뻐클,튀퍼컬,키퍼컬,티퍼캘,투퍼컬,티퍼컴,티퍼컴,튀퍼컬,키퍼컬,튀퍼컬,키퍼컬,튀퍼컬,키퍼컬,티퍼클,키퍼컬,티패컬,키퍼컬,투퍼컬,키퍼컬,티패컬,키퍼컬,키퍼컬,키퍼컬,키퍼컬,튀퍼컬,튀퍼컬,티퍼털,튀퍼컬,티뻐클,티퍼털,티퍼캘,티퍼털,티퍼컴,티퍼털,튀퍼컬,티퍼털,키퍼컬,티퍼털,튀퍼컬,티버컬,튀퍼컬,튀퍼컬,티퍼털,키퍼컬,티버컬,티커컬,투퍼컬,티프클,티퍼캘,티프컬,튀퍼컬,키퍼컬,티퍼컬,티패컬,3,ㅌ
unit,유넏,유먿,큐넏,휴낻,유널,유늗,유낻,유넏,뀨넌,유럳,큐럳,큐늗,규넙,유넌,유넙,유늗,휴낻,유넙,유낻,유널,뀨넌,유럳,유먿,휴낻,유널,유먿,유낻,유널,유넏,휴낻,휴낻,유넏,유늗,휴낻,휴낻,유럳,유널,휴낻,휴낻,큐넏,큐넏,유넏,유넏,유넏,유넙,유넙,유넙,유먿,유넙,유넏,유늗,유넏,유넏,유널,유널,유넙,유널,유넏,큐럳,유널,유널,유널,유넏,휴낻,규넙,휴낻,큐늗,유넙,유넏,유낻,휴낻,유넌,유넏,휴낻,유넏,유널,유넙,큐럳,유넏,휴낻,2,ㅇ
unused,어뉴즈드,어뉴즈뒤,어뉴즈더,어뉴쯔더,커뉴즈드,거뉴즈드,애뉴즈드,어뉴쓰드,어뉴저드,으뉴즈드,어뉴지드,꺼뉴즈드,어뉴즈브,어뉴쥐드,허뉴즈드,어뉴즈두,어뉴츠드,어뉴지뒤,어뉴즈드,꺼뉴쥐드,어뉴즈르,허뉴즈드,거뉴즈드,으뉴즈드,어뉴쓰드,어뉴쓰드,어뉴즈더,어뉴즈브,어뉴즈더,어뉴쥐드,어뉴쓰드,어뉴즈더,애뉴즈드,으뉴즈드,어뉴쯔더,어뉴즈더,어뉴쓰드,어뉴즈르,어뉴즈드,어뉴쓰드,꺼뉴쥐드,어뉴쓰드,으뉴즈드,어뉴쓰드,거뉴즈드,어뉴즈뒤,어뉴즈드,어뉴즈드,애뉴즈드,거뉴즈드,허뉴즈드,애뉴즈드,어뉴즈두,애뉴즈드,어뉴쓰드,애뉴즈드,어뉴즈드,꺼뉴쥐드,어뉴쓰드,어뉴즈드,거뉴즈드,거뉴즈드,커뉴즈드,어뉴즈더,꺼뉴즈드,허뉴즈드,거뉴즈드,어뉴쓰드,어뉴즈드,애뉴즈드,어뉴즈드,허뉴즈드,어뉴즈더,꺼뉴쥐드,어뉴쥐드,애뉴즈드,꺼뉴즈드,애뉴즈드,어뉴즈드,어뉴즈더,4,ㅇ
updating,업떼이팅,업떼이핑,얻떼이팅,헙떼이팅,얻떼이팋,업떼끼팅,겁떼이탱,업데이팅,업떼키팅,얻또이팅,업떼이팅,업테이핑,업띠이팈,업떼기팅,업데이킹,엄띠이팅,업뙤이팅,업떼위팅,업떼이킹,업떼이틱,업또이틱,읍떼이팅,업쎄이킹,업또이팅,업떼이텡,엄띠이팅,업떼끼팅,읍떼이팅,얻떼이팅,읍떼이팅,업떼끼팅,업떼이텡,업떼기팅,읍떼이팅,업쎄이킹,업띠이팈,업테이핑,엄띠이팅,업쎄이킹,업떼기팅,업떼이텡,엄띠이팅,업떼이틱,업쎄이킹,업테이핑,업떼기팅,업테이핑,업떼이킹,업쎄이킹,엄띠이팅,업떼기팅,업쎄이킹,업쎄이킹,업테이핑,업쎄이킹,업떼끼팅,업또이틱,업떼키팅,얻또이팅,얻떼이팅,업테이핑,업테이핑,얻떼이팅,업쎄이킹,읍떼이팅,엄띠이팅,업떼이텡,업또이틱,엄띠이팅,업떼이킹,읍떼이팅,업테이핑,업또이팅,업쎄이킹,얻떼이팅,업쎄이킹,업쎄이킹,업데이킹,업떼기팅,얻떼이팅,4,ㅇ
use,유스,유스,유시,유쓰,뀨스,유즈,유트,유수,휴스,유드,유서,휴뜨,유쓰,유수,유서,유수,휴스,유쓰,뀨스,유트,유즈,휴스,유스,뀨스,뀨스,유트,유트,유즈,유시,유수,유수,유수,유수,유수,유수,유시,휴스,유즈,유수,유트,휴뜨,유시,유즈,휴스,유드,뀨스,유수,유즈,유트,유스,유수,휴스,유스,유쓰,유즈,유즈,유쓰,유쓰,휴스,유즈,유트,유즈,유쓰,유트,유즈,유서,유서,유즈,뀨스,뀨스,유스,유트,유수,휴스,유쓰,유쓰,유수,유수,유수,유시,2,ㅇ
user,유저,큐쩌,유저,유쩌,유처,유즈,유서,큐처,규재,뀨저,규써,휴저,휴서,큐저,유재,유처,휴서,큐저,규재,뀨저,규써,뀨저,유즈,유저,뀨저,유즈,규재,규재,유즈,유즈,뀨저,휴서,유저,유즈,뀨저,규써,유처,규재,뀨저,규써,뀨저,뀨저,뀨저,뀨저,규써,규써,휴서,뀨저,규재,규재,유즈,규재,유즈,규재,큐쩌,규재,휴서,규재,유저,규재,유저,뀨저,유저,뀨저,큐처,유처,규재,뀨저,뀨저,규재,뀨저,규써,유서,유저,유즈,규재,규써,규재,유저,규재,2,ㅇ
utilization,유털러제이션,유털러제이션,유털러세이션,유털르제이션,유틀러제이쎤,유털러제애션,유탤러제이젼,유털러제이셜,유털머제이션,유털러제이셤,유틀러체이션,큐털러제이션,뀨털러쩨이션,유털너제이션,유털래제위션,유털러제끼션,유털러제이뗜,휴털르제이션,유턴르제이션,뀨털러제이션,유털러제키뎐,유틀러체이션,휴털르제이션,유털러제끼션,유탤러제이젼,유틀러체이션,유털너제이션,유턴르제이션,유틀러체이션,유털러제끼션,유털러제이션,유털너제이션,뀨털러제이션,유털래제위션,유털러제끼션,유털러제끼션,유털너제이션,유털너제이션,유틀러제이쎤,유턴르제이션,휴털르제이션,유턴르제이션,유털러제끼션,유털래제위션,유털러제이션,유털러제키뎐,유털러제이셤,유털러제키뎐,유털너제이션,유털너제이션,유털러제이션,뀨털러제이션,유털래제위션,뀨털러제이션,유털러제끼션,유털너제이션,휴털르제이션,유털러제끼션,유턴르제이션,유털러제끼션,뀨털러제이션,유털래제위션,유틀러체이션,유털너제이션,유털래제위션,유털러제이션,유털러제이션,유털러제애션,뀨털러제이션,휴털르제이션,유털러제키뎐,유털너제이션,유털너제이션,유틀러체이션,유털러제이뗜,유틀러체이션,유틀러체이션,유털래제위션,유털러제이뗜,유털너제이션,6,ㅇ
valid,밸러드,뺄래드,벨러드,벌러브,밸머드,벌너드,밸래드,밸르더,벌러드,밸러드,팰러드,팰러스,빌러드,밸르드,밴러더,벨러더,밸러브,밸너드,빌러뒤,밸머뒤,팰러드,팰러드,팰러드,벨러더,밸르드,빌러뒤,벨러더,밸르더,밸너드,밸르더,빌러뒤,벌러드,벌러드,밸르더,벌러브,밸너드,밸러드,밸머드,빌러뒤,빌러뒤,밸래드,팰러드,팰러드,빌러뒤,밸래드,밸너드,밸러드,밸러드,벨러드,벌너드,벨러더,밸래드,밸러드,밸너드,빌러뒤,벌너드,밸너드,밸너드,벨러더,밴러더,벨러더,밸러드,팰러드,밸너드,밸래드,밸래드,팰러드,빌러뒤,밸너드,팰러드,팰러드,벌러드,밸러드,팰러드,벨러더,밸너드,밸래드,벨러드,벌러드,팰러드,3,ㅂ
variable,베리어벌,비리어블,베르어벌,페뤼어벌,베리허덜,베리어덜,베리어벌,데리어벌,베레어벌,메리어벌,보리어벌,비리어벌,베리커벌,베리어번,베리꺼벌,베리애벌,베래어벌,베리거벌,베리어블,베래커벌,베리으벌,베리어덜,비리어벌,베리어덜,페뤼어벌,베리거벌,베리어덜,베리허덜,베리어벌,베레어벌,베리거벌,베리거벌,베리거벌,베리허덜,페뤼어벌,페뤼어벌,베리어벌,베르어벌,베리어블,페뤼어벌,베리거벌,페뤼어벌,베리어덜,베르어벌,베래커벌,메리어벌,페뤼어벌,베리허덜,베리어덜,베리허덜,베리어벌,베래어벌,베래어벌,베리거벌,베리애벌,베레어벌,베리허덜,베리거벌,베리거벌,베리거벌,베리거벌,베리어덜,베리어벌,베리어벌,페뤼어벌,베리허덜,베레어벌,베리애벌,베리허덜,베리거벌,베리허덜,메리어벌,베리어덜,베리거벌,메리어벌,베래어벌,데리어벌,베리꺼벌,베리어블,베래어벌,4,ㅂ
various,베리어스,뵈리허스,배리어쓰,베미어수,베레어스,베리애스,보리어트,베뤼으스,뵈리어스,베리커스,베리허스,데리어트,베리어쓰,보리어스,베리으스,뻬리어스,베레애스,베리애쉬,데리커스,베리어스,베리허스,뵈리허스,베리커스,보리어트,베리허스,베리애스,뵈리어스,베리허스,베뤼으스,베뤼으스,베리허스,베리어스,베리애쉬,베리커스,베리허스,베뤼으스,베리허스,베뤼으스,베리허스,베리허스,베리허스,베리허스,베리허스,베리허스,베뤼으스,베리커스,뵈리허스,뻬리어스,베레애스,베리으스,베리애쉬,베뤼으스,베리애쉬,베리애쉬,뵈리허스,뵈리어스,배리어쓰,보리어트,베미어수,베리허스,베리허스,베리허스,뻬리어스,뵈리허스,베리어스,베리허스,베리허스,베뤼으스,베리애쉬,뵈리어스,베리어스,베뤼으스,뵈리어스,베뤼으스,뻬리어스,보리어트,베리어스,보리어스,베리애쉬,베뤼으스,4,ㅂ
victim,빅텀,빜탬,빅썸,삑털,뷕텀,빟틈,삑썸,빜틈,빅텊,빟덤,벡펌,빙틈,빅탬,빙섬,빆텀,뷕탬,백탬,딕텊,빆컴,딕텀,빟텀,빅컴,빆탬,빟턴,빙첨,빜털,딕탬,빅틈,삑털,뷕텀,빜탬,빟틈,벡펌,뷕텀,딕탬,뷕텀,빜털,빜털,뷕텀,빜탬,빜탬,빅탬,빙틈,빜탬,빜털,빙틈,빅틈,뷕텀,딕탬,빜탬,빟틈,뷕텀,딕탬,벡펌,빙틈,빙틈,빟틈,빜털,빜털,빜털,빟덤,빙틈,빟텀,빜탬,빅컴,벡펌,딕탬,빜탬,삑털,빅탬,빙틈,빙틈,빅컴,빜탬,벡펌,빅썸,빆텀,빙첨,빟틈,빜탬,2,ㅂ
view,뷰,뷰,뮤,쀼,퓨,듀,뮤,쀼,듀,듀,쀼,듀,뷰,뮤,퓨,쀼,퓨,쀼,쀼,쀼,뮤,퓨,쀼,쀼,쀼,뷰,퓨,듀,듀,듀,뮤,뮤,뷰,뮤,퓨,뮤,쀼,퓨,퓨,퓨,쀼,퓨,뮤,쀼,듀,뷰,퓨,쀼,뷰,쀼,뮤,듀,퓨,뷰,쀼,퓨,퓨,퓨,퓨,뮤,듀,뮤,쀼,퓨,퓨,퓨,쀼,뷰,퓨,퓨,듀,퓨,뷰,뷰,쀼,뮤,쀼,듀,뷰,뷰,1,ㅂ
virtual,버추얼,버츠얼,버취엄,더초얼,배추언,버추앨,버추헐,브수얼,버추얼,배추얼,버추언,버추껄,퍼추얼,버초컬,브추엄,버쭈얼,버추을,더수얼,버추얼,더수얼,버추언,버추언,배추언,버추언,버초컬,브추엄,브추엄,버추앨,버추언,더수얼,버추껄,배추얼,버추언,더수얼,배추얼,버추얼,버추언,버초컬,배추언,버추껄,버추껄,배추얼,버추언,버취엄,브수얼,더수얼,버초컬,버취엄,더수얼,버추헐,배추언,버추앨,배추언,배추얼,버추언,배추얼,버추언,브수얼,배추얼,버초컬,브수얼,배추언,버추언,버추껄,버추을,브추엄,버추언,버추헐,브수얼,버추언,버추언,버추언,배추얼,버추얼,버추껄,버초컬,버추을,버추언,버추껄,버추언,3,ㅂ
virtual to physical,버추얼 투 피지컬,버추얼 투 페지컬,버추걸 투 피지컬,버초얼 투 미지컬,버추얼 투 피지털,버추얼 푸 피지걸,버추껄 투 피지컬,버추언 투 피지컬,버추얼 티 피지컬,배추얼 토 피지컬,버초얼 투 피지컬,버추얼 투 피지컬,버추헐 투 피지컬,버츠얼 투 푸지컬,버추얼 투 패지컬,배추얼 투 피지컬,버추얼 쿠 피지컬,버추얼 트 피지컬,버추얼 투 피지펄,버추걸 투 피지컬,버추얼 투 피지털,버추얼 투 피지컬,버추얼 투 페지컬,버추얼 티 피지컬,버초얼 투 미지컬,버추얼 투 페지컬,버초얼 투 미지컬,버추얼 투 페지컬,버추걸 투 피지컬,버추언 투 피지컬,버추얼 투 페지컬,버추얼 쿠 피지컬,버추걸 투 피지컬,버추얼 투 피지컬,버추얼 투 패지컬,버추얼 티 피지컬,버추얼 티 피지컬,버추걸 투 피지컬,버추얼 트 피지컬,버추얼 쿠 피지컬,버추얼 트 피지컬,버추걸 투 피지컬,버추얼 투 피지털,버추걸 투 피지컬,버츠얼 투 푸지컬,버추얼 쿠 피지컬,버추얼 쿠 피지컬,버추얼 티 피지컬,버추얼 쿠 피지컬,버추얼 트 피지컬,버추얼 투 피지털,버추걸 투 피지컬,버추얼 투 페지컬,버추걸 투 피지컬,버추걸 투 피지컬,버추얼 티 피지컬,버추걸 투 피지컬,버추얼 쿠 피지컬,버추얼 투 페지컬,버추얼 쿠 피지컬,버추얼 투 피지털,버추얼 푸 피지걸,버추껄 투 피지컬,배추얼 토 피지컬,버추얼 티 피지컬,버추얼 트 피지컬,버추얼 투 페지컬,버추얼 트 피지컬,버추걸 투 피지컬,버추얼 푸 피지걸,버추얼 투 피지털,배추얼 토 피지컬,버추얼 투 페지컬,버추얼 티 피지컬,버추걸 투 피지컬,버초얼 투 미지컬,버추얼 투 페지컬,버추얼 투 피지컬,버추얼 쿠 피지컬,버추껄 투 피지컬,9,ㅂ
visible,비저벌,비쩌벌,비저밸,디저벌,비저범,피저블,비저멀,뷔저벌,비저덜,삐저벌,삐저범,배서벌,비저펄,미저밸,비저블,삐처벌,비저벌,비저번,비처벌,디써벌,비쩌벌,비쩌벌,비저펄,비쩌벌,피저블,미저밸,비저멀,비저벌,삐저벌,비저덜,비저벌,삐저벌,피저블,비저덜,미저밸,비저밸,비저블,비저멀,비저덜,비저펄,디써벌,비저펄,비쩌벌,피저블,미저밸,미저밸,비저벌,삐저범,피저블,비저덜,비저덜,배서벌,비저덜,미저밸,비저덜,디저벌,비저펄,비쩌벌,비저펄,삐처벌,비저벌,비저멀,비저밸,비저밸,미저밸,비저덜,비쩌벌,비저펄,비저번,디저벌,미저밸,피저블,피저블,비저펄,비저펄,디저벌,비쩌벌,삐처벌,디저벌,미저밸,3,ㅂ
vm,브이엠,브애엔,브이켐,버이엠,브키엠,브기겜,브기엘,브이껨,드으엠,브기엠,브에엠,부끼엠,브키엡,브애앰,브끼엠,브이엘,브이엠,버이겜,브히엠,브이욈,브이엔,버이임,버이엠,브히엠,브이껨,브이엘,브기엠,브키엡,브에엠,브이켐,브이엘,브키엠,부끼엠,버이엠,브이엘,브기엘,브이엘,브에엠,브이엘,브이엘,부끼엠,브에엠,부끼엠,브이켐,브키엠,부끼엠,버이임,브키엡,브이엘,드으엠,버이임,버이엠,버이엠,부끼엠,브에엠,버이엠,브끼엠,브기엘,브이욈,브히엠,브기엘,브이켐,부끼엠,브키엡,브끼엠,브이엔,브키엠,브키엠,드으엠,브기엠,브이엔,드으엠,브이껨,브이엘,브이엘,브애엔,브이엘,브에엠,브키엡,브키엠,3,ㅂ
void,보이드,부이드,모이드,보이더,도이더,보에드,보키브,보에디,도이드,보기더,보이드,보이트,베키드,도이두,보에뒤,도으드,부위드,베이드,보키드,보에더,보히드,보애드,보이느,뽀이두,도으드,도으드,부위드,보히드,보이느,보에뒤,부이드,보에더,부이드,도으드,도으드,도으드,보히드,보히드,보이느,보이더,도이두,보에뒤,보에드,부위드,도으드,도이드,도으드,도이드,보히드,도으드,부위드,보에디,보이트,보이느,도으드,도으드,도으드,부이드,부이드,부이드,베이드,부위드,부위드,보에드,보이느,보이트,보에디,도으드,도이두,보이더,도이드,도으드,보에뒤,보에드,부위드,보에뒤,부이드,보에뒤,도으드,도이더,3,ㅂ
word,워드,워스,쿼드,워브,워디,워르,워더,워트,꿔더,궈더,워느,워쓰,워드,궈드,궈더,워르,워느,워드,워느,워느,워트,워르,궈더,궈드,워느,워쓰,워트,워느,워드,워더,꿔더,워쓰,궈더,워르,워느,워드,궈드,워르,워트,워스,워드,워드,워드,워쓰,워느,워르,워트,워느,꿔더,워트,워르,워드,워느,워르,워트,워스,궈더,워느,워쓰,워더,워드,워드,궈더,워드,워브,워르,워드,궈드,워르,워쓰,워스,워느,워느,워느,워더,쿼드,워트,워트,워스,워스,2,ㅇ
worst fit,워스트 핃,워스츠 핃,워스트 틷,워스트 킫,워스티 핃,워스크 핃,쿼스트 핃,꿔뜨트 핃,워스트 핃,워스터 핃,워스튀 핃,워스트 픋,워서트 핃,쿼서트 핃,워서츠 핃,꿔스트 핃,워트트 핃,워스티 핃,워스트 픋,쿼서트 핃,워스티 핃,워스트 틷,워스트 픋,워스츠 핃,꿔뜨트 핃,워스터 핃,워스트 킫,워스츠 핃,워스튀 핃,워스트 틷,워트트 핃,워트트 핃,워스트 킫,워트트 핃,워서츠 핃,워트트 핃,워스터 핃,꿔스트 핃,워스츠 핃,워스튀 핃,워서츠 핃,쿼서트 핃,쿼서트 핃,워트트 핃,워트트 핃,워스튀 핃,워스트 킫,워스트 킫,워스터 핃,워트트 핃,워트트 핃,꿔뜨트 핃,쿼서트 핃,꿔스트 핃,워스트 핃,워스트 킫,쿼서트 핃,워스티 핃,쿼서트 핃,워서트 핃,워스튀 핃,워스츠 핃,워스튀 핃,워트트 핃,쿼스트 핃,워트트 핃,워트트 핃,워스트 픋,워스츠 핃,워스트 킫,워트트 핃,워스트 킫,워스티 핃,워스츠 핃,워스티 핃,워스튀 핃,꿔스트 핃,워스트 틷,워스튀 핃,워스터 핃,5,ㅇ
write,라이트,라기트,마이트,라키트,라끼트,라이터,라이트,라에트,라우트,라위트,라이투,라이트,라이투,라끼트,라기트,마이트,라이트,라끼트,라기트,라이투,라이트,라끼트,라이트,라이트,라위트,라기트,마이트,라이투,라기트,라우트,라끼트,라기트,라기트,라위트,라끼트,라이투,라이투,라기트,라끼트,라끼트,라이투,라이투,라끼트,라이투,마이트,라이트,라이투,라기트,라끼트,라위트,라키트,라이투,라키트,라키트,라이트,라이투,라끼트,라이트,라이투,라기트,라기트,라기트,라끼트,라기트,라끼트,라기트,라위트,라끼트,라끼트,마이트,라기트,라이투,라이트,라이투,라키트,라이투,라키트,마이트,라에트,라키트,3,ㄹ
